index,r2,complexity,numerically_unstable
0,-1.1914625585247056,66,False
1,-0.41322910943381674,57,False
2,-0.9389775484135987,63,False
3,-0.654001395424133,68,False
4,0.020117632767814753,144,False
5,-1.9715700141241377,287,False
6,-0.32922142565785006,50,False
7,-0.3488200081200301,82,False
8,-0.9323123741026249,70,False
9,-0.540983138925303,224,False
