index,r2,complexity,numerically_unstable
0,-0.6589955688238855,91,False
1,-0.42005577405140526,50,False
2,-1.5165957200030156,63,False
3,-0.6400894618916733,60,False
4,-0.6578140669874493,93,False
5,-0.8002182192679304,230,False
6,-0.44123063627797077,57,False
7,0.08845345749502398,78,False
8,-0.3530465719794622,66,False
9,-0.38092357188928805,215,False
