class,auc
0,0.9920590298203538
1,0.9906802726159153
2,0.9570998347267459
3,0.9585559312327228
4,0.9355124893909851
5,0.9529391694287386
6,0.9624129381836284
7,0.9661340469528199
8,0.9420438832649098
9,0.955619753659617
