指标项,平均耗时(秒),耗时标准差(秒),RSS平均变化(MB),GPU峰值显存均值(MB),相对legacy耗时降幅(%),相对首次公式验证降幅(%)
公式验证（缓存复用）,0.144705,0.000952,0.022135,,78.895489,45.023016
公式验证（首次编译）,0.263211,0.003255,-0.371094,,61.612098,0.0
当前默认评估接口,0.652834,0.027711,0.0,,4.787584,
新评估路径（Tensor快路径）,0.680347,0.062804,0.0,,0.774938,
旧评估路径（NumPy往返）,0.68566,0.014601,0.0,,0.0,
