name,time_mean_s,time_std_s,rss_delta_mean_mb,gpu_peak_mean_mb
legacy_numpy_path,0.8452179000000039,0.06721009254584363,1.2630208333333333,
fast_tensor_path,0.7759551333333548,0.017880502078408765,0.0,
model_acc_ds_current,0.8587261999999782,0.036138267337572826,0.0,
validate_formula_first,0.15864220000003115,0.0,0.765625,
validate_formula_cached,0.14919750000001386,0.0,0.0,
