index,r2,complexity,numerically_unstable
0,-0.607214011156799,74,False
1,-0.29602396691088506,56,False
2,-1.1360201713786267,66,False
3,-0.5144665073888284,57,False
4,-0.407821714335425,115,False
5,-1.1813664786818117,282,False
6,-0.4430082082117812,66,False
7,-0.20599699739822652,82,False
8,-0.4799257847335081,76,False
9,-0.3437393757509648,239,False
