class,auc
0,0.9910381691479253
1,0.9897057924670348
2,0.9401354471367617
3,0.9526429806495667
4,0.9612396614329611
5,0.9401372616789851
6,0.9638173677096769
7,0.9663050285280103
8,0.9347870696154528
9,0.9380676789552465
