round,threshold,edges_before,edges_after,drop_ratio,edges_removed,acc_drop,acc
0,0.02,113,105,0.07079646017699115,8,0.010799944400787354,0.8159000277519226
1,0.020482758620689656,105,104,0.009523809523809525,1,-0.00019997358322143555,0.816100001335144
2,0.021413793103448278,104,98,0.057692307692307696,6,0.024800002574920654,0.7912999987602234
3,0.02127931034482759,98,98,0.0,0,0.0,0.7912999987602234
4,0.02203793103448276,98,96,0.02040816326530612,2,-0.008199989795684814,0.7994999885559082
5,0.022520689655172416,96,94,0.020833333333333332,2,-0.0034999847412109375,0.8029999732971191
6,0.02314137931034483,94,93,0.010638297872340425,1,-0.002100050449371338,0.8051000237464905
7,0.02427931034482759,93,89,0.043010752688172046,4,0.002499997615814209,0.8026000261306763
