index,r2,complexity,numerically_unstable
0,-0.554152998669267,83,False
1,-0.1699213746694701,66,False
2,-1.0414146020093624,87,False
3,-0.3251255145625771,81,False
4,-0.11852772027373537,73,False
5,-0.8127445480699496,297,False
6,-0.6000440541483145,51,False
7,-0.0036156858476572573,133,False
8,-0.10784827514244322,402,False
9,-0.6392760169262397,299,False
