class,auc
0,0.9916388750622199
1,0.9915176000258406
2,0.9546220325152653
3,0.9619763433517989
4,0.9141679867239949
5,0.9301507224713502
6,0.9694531527425482
7,0.9383218391502488
8,0.9451778821938538
9,0.939046689019159
