round,threshold,edges_before,edges_after,drop_ratio,edges_removed,acc_drop,acc
0,0.02,130,100,0.23076923076923078,30,0.10889995098114014,0.7336000204086304
1,0.02,100,97,0.03,3,-0.040499985218048096,0.7741000056266785
2,0.020482758620689656,97,97,0.0,0,0.0,0.7741000056266785
3,0.02106896551724138,97,97,0.0,0,0.0,0.7741000056266785
4,0.02182758620689655,97,97,0.0,0,0.0,0.7741000056266785
5,0.022758620689655173,97,96,0.010309278350515464,1,-0.01849997043609619,0.7925999760627747
6,0.023482758620689655,96,95,0.010416666666666666,1,-0.010700047016143799,0.8033000230789185
7,0.024413793103448277,95,94,0.010526315789473684,1,-0.00019997358322143555,0.8034999966621399
8,0.025551724137931036,94,90,0.0425531914893617,4,-0.0004000067710876465,0.8039000034332275
