variant,rounds_mean,effective_rounds_mean,total_edges_removed_mean,mean_drop_ratio_mean,max_drop_ratio_mean
adaptive,1.0,1.0,16.333333333333332,0.15881533801340852,0.15881533801340852
adaptive_auto,3.6666666666666665,3.3333333333333335,12.666666666666666,0.02728711333024168,0.1002263723825693
baseline,6.666666666666667,5.333333333333333,26.333333333333332,0.035203163092699025,0.12814011546263063
