index,r2,complexity,numerically_unstable
1,-0.9541048794792639,23,False
2,-0.988649430631239,42,False
3,-0.979008062926275,25,False
4,-0.3978064556123426,23,False
5,-1.3320595604882919,32,False
6,-0.6442070907438384,61,False
8,-0.8194510248256128,45,False
9,-1.2601067305516063,20,False
