class,auc
0,0.7297480089596815
1,0.8884232155857191
2,0.8788038996535487
3,0.7736015264485292
4,0.8023352480375298
5,0.7788221092776074
6,0.9362081568777392
7,0.4548132668691701
8,0.8218829723486475
9,0.7027419997907829
