指标项,平均耗时(秒),耗时标准差(秒),RSS平均变化(MB),GPU峰值显存均值(MB),相对legacy耗时降幅(%),相对首次公式验证降幅(%)
公式验证（缓存复用）,0.122092,0.002878,0.022135,,76.464938,46.807792
公式验证（首次编译）,0.22953,0.002433,-0.641927,,55.75468,0.0
当前默认评估接口,0.51286,0.011233,0.0,,1.138541,
新评估路径（Tensor快路径）,0.514223,0.008122,0.0,,0.875815,
旧评估路径（NumPy往返）,0.518766,0.004455,0.0,,0.0,
