name,time_mean_s,time_std_s,rss_delta_mean_mb,gpu_peak_mean_mb
legacy_numpy_path,0.544911733333341,0.010927340473095628,0.3684895833333333,
fast_tensor_path,0.5140851333333103,0.0075370881399058785,0.0,
model_acc_ds_current,0.5210465666666172,0.013941979789862944,0.0,
validate_formula_first,0.11562190000006467,0.0,6.53515625,
validate_formula_cached,0.1150319999999283,0.0,0.1171875,
