index,r2,complexity,numerically_unstable
0,-0.6439499410291174,74,False
1,-0.34489735034936153,56,False
2,-1.2676974968807708,74,False
3,-0.8108653842218252,58,False
4,-0.15067588360880602,101,False
5,-1.566478305681572,301,False
6,-0.3198814619557373,66,False
7,0.21280210059940863,82,False
8,-0.4365160089530704,76,False
9,-0.4258006123244573,227,False
