class,auc
0,0.9916075388026608
1,0.9904160051283196
2,0.9540894541487736
3,0.9499065518342714
4,0.9519086967499715
5,0.9397188890267463
6,0.9672252060553417
7,0.9669266663601936
8,0.9354850304686756
9,0.9354283806987254
