index,r2,complexity,numerically_unstable
0,-1.2774884747753497,101,False
1,-0.3192599896681818,76,False
2,-0.9009330054271449,66,False
3,-0.6513211339609828,117,False
4,-1.8188678678512735,91,False
5,-0.9627718697590575,247,False
6,-0.8145812334160436,48,False
7,-0.5935922295424607,83,False
8,-0.8168904031073438,66,False
9,-0.7276484693690839,218,False
