class,auc
0,0.992723765781257
1,0.9927507820439236
2,0.9398276667600218
3,0.9552490666196763
4,0.9604627585742749
5,0.884472651057268
6,0.9606614850946107
7,0.9568815259232787
8,0.9284422915137698
9,0.9432046846979125
