round,threshold,edges_before,edges_after,drop_ratio,edges_removed,acc_drop,acc
0,0.02,117,104,0.1111111111111111,13,0.01389998197555542,0.8057000041007996
1,0.020482758620689656,104,99,0.04807692307692308,5,0.003000020980834961,0.8026999831199646
2,0.02110344827586207,99,96,0.030303030303030304,3,0.0054999589920043945,0.7972000241279602
3,0.02186206896551724,96,95,0.010416666666666666,1,-0.0015999674797058105,0.798799991607666
4,0.023206896551724136,95,90,0.05263157894736842,5,0.006699979305267334,0.7921000123023987
