index,r2,complexity,numerically_unstable
0,-0.6073450046010938,83,False
1,-0.8797378126898041,66,False
2,-0.8328260648734434,101,False
3,-0.43025546290255456,93,False
4,-0.19505636611771116,73,False
5,-1.0241389597827935,294,False
6,-0.6767984035234482,56,False
7,-0.24887388611568406,124,False
8,-0.14958162377311934,418,False
9,-1.3921125799813336,304,False
