round,threshold,edges_before,edges_after,drop_ratio,edges_removed,acc_drop,acc
0,0.02,112,95,0.15178571428571427,17,0.014299988746643066,0.8062999844551086
1,0.020482758620689656,95,93,0.021052631578947368,2,-0.001600027084350586,0.8079000115394592
2,0.02110344827586207,93,92,0.010752688172043012,1,-0.002299964427947998,0.8101999759674072
3,0.02224137931034483,92,91,0.010869565217391304,1,0.0007999539375305176,0.8094000220298767
4,0.023586206896551724,91,88,0.03296703296703297,3,-0.000299990177154541,0.8097000122070312
