index,r2,complexity,numerically_unstable
0,-0.49950110603925313,108,False
1,-0.38430567390789805,56,False
2,-1.1127847803856539,49,False
3,-0.46498886309154885,93,False
4,-0.1856391502563084,64,False
5,-0.551070987721098,311,False
6,-0.716801644250705,65,False
7,-0.059672428008356926,83,False
8,-0.5195507261024717,56,False
9,-0.2752334315113878,199,False
