index,r2,complexity,numerically_unstable
0,-0.49051543867862546,108,False
1,-0.3765133251930317,56,False
2,-1.1153933597747985,49,False
3,-0.47318832077250783,93,False
4,-0.17249004124893652,64,False
5,-0.5963918469479739,311,False
6,-0.58579315774944,65,False
7,-0.034813362291280514,83,False
8,-0.5000546511695083,56,False
9,-0.2973978069750234,199,False
