class,auc
0,0.9905991221322232
1,0.9888044604455972
2,0.9455428625638792
3,0.9594373286049406
4,0.9361189366006615
5,0.9177062593176845
6,0.9703999059827046
7,0.9484759979599307
8,0.9228433623877359
9,0.9506641318115825
