class,auc
0,0.9917111634010589
1,0.9888878453354405
2,0.9488594027688457
3,0.9631176554807873
4,0.9363018136616561
5,0.9187352049447487
6,0.9710951075449804
7,0.948562898234195
8,0.9219814899325746
9,0.951020947166746
