index,r2,complexity,numerically_unstable
0,-0.6894046602423944,100,False
1,-0.6640523421090134,65,False
2,-0.4391004570185777,84,False
3,-0.9871512341002828,109,False
4,-0.2659100610437779,108,False
5,-0.9040260229139738,434,False
6,-0.5504865496363154,67,False
7,0.16630689147033784,135,False
8,-0.8084169725973278,706,False
9,-1.0765010577841947,303,False
