class,auc
0,0.9942292637675912
1,0.9916786551080699
2,0.9567107467377548
3,0.9618504609081597
4,0.9444876935425369
5,0.9476336281512729
6,0.9656063399796542
7,0.9596203753658162
8,0.9511103788234856
9,0.9523218847081857
