指标项,平均耗时(秒),耗时标准差(秒),RSS平均变化(MB),GPU峰值显存均值(MB),相对legacy耗时降幅(%),相对首次公式验证降幅(%)
公式验证（缓存复用）,0.148663,0.003204,0.132812,,77.398202,45.680558
公式验证（首次编译）,0.273682,0.009717,-0.313802,,58.39096,0.0
新评估路径（Tensor快路径）,0.647276,0.021828,0.0,,1.59189,
当前默认评估接口,0.650679,0.013495,0.0,,1.074526,
旧评估路径（NumPy往返）,0.657746,0.014323,0.0,,0.0,
