name,time_mean_s,time_std_s,rss_delta_mean_mb,gpu_peak_mean_mb
legacy_numpy_path,0.6614591000000019,0.009718698051019395,0.8059895833333334,
fast_tensor_path,0.6604369333333201,0.01848149561448295,0.0,
model_acc_ds_current,0.6435650333333646,0.04334284783641263,0.0,
validate_formula_first,0.14990130000001045,0.0,0.80078125,
validate_formula_cached,0.1550032000000101,0.0,-0.01171875,
