index,r2,complexity,numerically_unstable
0,-0.40041705590721643,96,False
1,-0.40909219740297353,51,False
2,-0.7026606658412307,55,False
3,-0.3772014275828601,68,False
4,-0.5309508530419234,64,False
5,-0.8021442063793351,136,False
6,-0.6723066369964219,71,False
7,-0.5251296667454795,73,False
8,-0.6296474355180353,518,False
9,-1.1768191451111991,125,False
