class,auc
0,0.9955840762025431
1,0.9882404446531552
2,0.9448378904494188
3,0.9502431744843005
4,0.9484785802913296
5,0.9413046186174475
6,0.9731251838439868
7,0.9635615169372593
8,0.936047118727509
9,0.9426988931448793
