round,threshold,edges_before,edges_after,drop_ratio,edges_removed,acc_drop,acc
0,0.02,125,122,0.024,3,0.001999974250793457,0.8287000060081482
1,0.020482758620689656,122,121,0.00819672131147541,1,0.000500023365020752,0.8281999826431274
2,0.021413793103448278,121,120,0.008264462809917356,1,0.0,0.8281999826431274
3,0.022551724137931037,120,110,0.08333333333333333,10,0.0065000057220458984,0.8216999769210815
4,0.02344827586206897,110,108,0.01818181818181818,2,-0.00010001659393310547,0.8217999935150146
5,0.02448275862068966,108,107,0.009259259259259259,1,-0.000599980354309082,0.8223999738693237
6,0.026241379310344832,107,99,0.07476635514018691,8,0.010599970817565918,0.8118000030517578
7,0.027551724137931038,99,93,0.06060606060606061,6,-0.000500023365020752,0.8123000264167786
8,0.028931034482758623,93,84,0.0967741935483871,9,0.018200039863586426,0.7940999865531921
