指标项,平均耗时(秒),耗时标准差(秒),RSS平均变化(MB),GPU峰值显存均值(MB),相对legacy耗时降幅(%),相对首次公式验证降幅(%)
公式验证（缓存复用）,0.141626,0.003117,-0.046875,,76.264195,42.156284
公式验证（首次编译）,0.244842,0.012974,0.074219,,58.965629,0.0
当前默认评估接口,0.549495,0.004909,0.0,,7.907147,
新评估路径（Tensor快路径）,0.552936,0.013036,0.0,,7.330384,
旧评估路径（NumPy往返）,0.596675,0.043347,0.0,,0.0,
