class,auc
0,0.9942671614100185
1,0.9915343962670602
2,0.9561781683712631
3,0.9420023348274761
4,0.9255141561186293
5,0.9359038695593092
6,0.9786134896347778
7,0.9622049402290914
8,0.9298897981691949
9,0.9499994984523119
