index,r2,complexity,numerically_unstable
0,-0.28759945643875984,124,False
1,-0.0991335041618906,64,False
2,-0.9201556307674914,93,False
3,-0.9588097982021078,66,False
4,-0.5704172555744185,81,False
5,-1.2686770226625068,365,False
6,-0.45446146040288715,56,False
7,-0.2531891561914088,67,False
8,-2.384806672023948,481,False
9,-0.5356809424341002,232,False
