class,auc
0,0.9937481333997014
1,0.9927551550298033
2,0.9568922166843005
3,0.9410206059538099
4,0.9612744413865187
5,0.9415344220130727
6,0.9677067214515975
7,0.9490381662968752
8,0.9535396488629018
9,0.9232509130648102
