class,auc
0,0.9913790216751889
1,0.9917709350487365
2,0.9567635831794702
3,0.9531503650921266
4,0.9032474200727307
5,0.9228313550793567
6,0.9703225587481107
7,0.942526879995004
8,0.9473811908194943
9,0.936789118156809
