task,metric,favorable_direction,sample_count,finite_count,effective_count,tie_count,improved_count,worsened_count,mean_delta,median_delta,std_delta,min_delta,max_delta,mean_delta_ci95_low,mean_delta_ci95_high,sign_test_pvalue_two_sided
minimal,symbolic_wall_time_delta_s,positive,2,2,2,0,2,0,2.4420309,2.4420309,0.24472640427747144,2.268983199999999,2.6150786000000004,2.268983199999999,2.6150786000000004,0.5
minimal,final_mse_loss_shift,negative,2,2,2,0,0,2,8.089124457910657e-05,8.089124457910657e-05,3.49036821037191e-06,7.842318154871464e-05,8.33593076094985e-05,7.842318154871464e-05,8.33593076094985e-05,0.5
combo,symbolic_wall_time_delta_s,positive,2,2,2,0,2,0,14.370595949999997,14.370595949999997,0.7920940159280307,13.810500900000001,14.930690999999992,13.810500900000001,14.930690999999992,0.5
combo,final_mse_loss_shift,negative,2,2,2,0,1,1,2.770770515780896e-05,2.770770515780896e-05,0.00022276842315479875,-0.00012981335748918355,0.00018522876780480146,-0.00012981335748918355,0.00018522876780480146,1.0
poly_cubic,symbolic_wall_time_delta_s,positive,2,2,2,0,2,0,26.401007199999988,26.401007199999988,1.5161823200181543,25.3289044,27.473109999999977,25.3289044,27.473109999999977,0.5
poly_cubic,final_mse_loss_shift,negative,2,2,2,0,2,0,-1.1321855708956718e-05,-1.1321855708956718e-05,2.042475791508404e-06,-1.2766104191541672e-05,-9.877607226371765e-06,-1.2766104191541672e-05,-9.877607226371765e-06,0.5
trig_interaction,symbolic_wall_time_delta_s,positive,2,2,2,0,2,0,31.47002264999999,31.47002264999999,3.427923072569903,29.046114999999986,33.893930299999994,29.046114999999986,33.893930299999994,0.5
trig_interaction,final_mse_loss_shift,negative,2,2,2,0,1,1,0.00036089587956666946,0.00036089587956666946,0.0008590653837628854,-0.00024655507877469063,0.0009683468379080296,-0.00024655507877469063,0.0009683468379080296,1.0
