class,auc
0,0.994180845287117
1,0.9919927646960899
2,0.9554793010808456
3,0.9396245553365126
4,0.9359136445371309
5,0.9412525528240093
6,0.9796865382102267
7,0.9619178928477877
8,0.9305598337633785
9,0.9475781254219752
