task,metric,favorable_direction,sample_count,finite_count,effective_count,tie_count,improved_count,worsened_count,mean_delta,median_delta,std_delta,min_delta,max_delta,mean_delta_ci95_low,mean_delta_ci95_high,sign_test_pvalue_two_sided
minimal,symbolic_wall_time_delta_s,positive,10,10,10,0,10,0,2.6734535100000016,2.629577550000004,0.07830917726557941,2.6074872000000084,2.825145299999999,2.6315774200000033,2.719245540000001,0.001953125
minimal,final_mse_loss_shift,negative,10,10,10,0,0,10,8.966306340880692e-05,9.259203216060996e-05,1.3984263253857636e-05,6.208557169884443e-05,0.00010392622789368033,8.054273785091936e-05,9.696282795630395e-05,0.001953125
combo,symbolic_wall_time_delta_s,positive,10,10,10,0,10,0,17.600049900000002,17.312924949999996,1.6202353594266743,16.006615100000005,19.88434810000001,16.68549746,18.54291080000001,0.001953125
combo,final_mse_loss_shift,negative,10,10,10,0,8,2,-0.00014186475600581617,-5.977458204142749e-05,0.00018730861230369631,-0.000495696731377393,2.6964175049215555e-05,-0.00025926785310730337,-4.180395626462996e-05,0.109375
poly_cubic,symbolic_wall_time_delta_s,positive,10,10,10,0,10,0,28.921451370000018,28.67511804999998,3.5801279292583064,24.43447470000001,37.49510190000001,27.036776550000013,31.155034600000032,0.001953125
poly_cubic,final_mse_loss_shift,negative,10,10,10,0,10,0,-1.3745343312621117e-05,-1.0298565030097961e-05,8.940655522705962e-06,-3.4746015444397926e-05,-5.518784746527672e-06,-1.9730650819838047e-05,-9.168870747089386e-06,0.001953125
trig_interaction,symbolic_wall_time_delta_s,positive,10,10,10,0,10,0,44.09347686999996,42.78395505000003,2.6776643139633314,42.130695400000036,49.96973479999974,42.71672966,45.73011665999991,0.001953125
trig_interaction,final_mse_loss_shift,negative,10,10,10,0,4,6,-0.00024578457232564687,0.00012063526082783937,0.001172963615540201,-0.002976653166115284,0.0015634829178452492,-0.0009999135974794627,0.00040255074854940177,0.75390625
