baseline,variant,metric,mean_delta,median_delta,std_delta,win_count,lose_count,tie_count
baseline,radial_bf,final_acc,-0.012033343315124512,-0.00820004940032959,0.011152964621461616,0,3,0
baseline,radial_bf,macro_auc,-0.0023191039831352476,-0.0011037855695433807,0.006934708957900961,1,2,0
baseline,radial_bf,symbolic_core_seconds,-3.4644944666666646,-4.310146099999997,2.284097321371473,3,0,0
baseline,radial_bf,symbolize_wall_time_s,-42.28061289999999,-41.42839179999996,16.06791716818971,3,0,0
baseline,radial_bf,validation_mean_r2,-0.19687268763110258,-0.025147613494271193,0.4056272070486783,1,2,0
baseline,radial_bf,run_total_wall_time_s,-64.98034113333334,-69.5884681,18.137812712887076,3,0,0
baseline,radial_bf,final_n_edge,0.3333333333333333,1.0,1.699673171197595,1,2,0
