variant,stage_seed,rounds,effective_rounds,total_edges_removed,mean_drop_ratio,max_drop_ratio
baseline,42,13,7,19,0.014759022286077948,0.0510204081632653
baseline,52,14,8,23,0.015929945813986993,0.0693069306930693
baseline,62,5,5,28,0.05232421643208327,0.146551724137931
radial_bf,42,3,3,29,0.08439552341542018,0.2203389830508474
radial_bf,52,5,4,14,0.02864845308060216,0.0833333333333333
radial_bf,62,1,1,2,0.0217391304347826,0.0217391304347826
