variant,rounds_mean,effective_rounds_mean,total_edges_removed_mean,mean_drop_ratio_mean,max_drop_ratio_mean
baseline,10.666666666666666,6.666666666666667,23.333333333333332,0.027671061510716074,0.08895968766475519
radial_bf,3.0,2.6666666666666665,15.0,0.04492770231026832,0.10847048227298776
