index,r2,complexity,numerically_unstable
0,-0.6337384949743348,83,False
1,-0.7872157387344014,66,False
2,-0.7387735469249659,101,False
3,-0.40189064593807977,93,False
4,-0.1955191057360408,73,False
5,-0.4820477012834117,294,False
6,-0.657742774466535,56,False
7,-0.36729299759835765,118,False
8,-0.28672690798280587,418,False
9,-1.1146824682806642,310,False
