class,auc
0,0.991316575410652
1,0.989568142797866
2,0.9502916052942763
3,0.9114305223625812
4,0.9149229827288171
5,0.9052320091143448
6,0.9671816838054286
7,0.940193095336811
8,0.9387393753204865
9,0.9417425905147522
