指标项,平均耗时(秒),耗时标准差(秒),RSS平均变化(MB),GPU峰值显存均值(MB),相对legacy耗时降幅(%),相对首次公式验证降幅(%)
公式验证（缓存复用）,0.145919,0.002281,1.454427,,74.202786,40.259804
公式验证（首次编译）,0.244256,0.003356,-1.303385,,56.817661,0.0
当前默认评估接口,0.525172,0.016143,0.0,,7.15405,
新评估路径（Tensor快路径）,0.532718,0.025123,-0.020833,,5.820001,
旧评估路径（NumPy往返）,0.565638,0.022572,0.0,,0.0,
