index,r2,complexity,numerically_unstable
0,-0.2067117748919951,88,False
1,-0.5367572142869741,66,False
2,-0.2839183819703821,56,False
3,-0.25890270456196673,213,False
4,-0.15557842795958932,110,False
5,-8.834339658929103,245,False
6,-0.10207670616982045,121,False
7,-0.4870724556037942,80,False
8,-1.883137142643144,389,False
9,-0.5268880267569291,188,False
