class,auc
0,0.9923465993936377
1,0.9902919713470039
2,0.9521838306225754
3,0.9541526889062655
4,0.946550890073214
5,0.9402317924812563
6,0.9746915230663306
7,0.9494037654544792
8,0.9435494585343458
9,0.9415820952545982
