class,auc
0,0.9912152133580705
1,0.9915000086962787
2,0.956722200035959
3,0.9520815207215939
4,0.9023041267544115
5,0.9153104327541353
6,0.96912413838644
7,0.9398621370246559
8,0.9464652878224031
9,0.9370212630866744
