index,r2,complexity,numerically_unstable
0,-0.936130678982984,14,False
1,-1.3656944441238514,14,False
2,-0.9632274995795704,57,False
3,-0.7357338374914975,48,False
4,-1.7304805603115487,33,False
5,-0.6813790909082209,184,False
6,-0.9752572399996966,64,False
7,-0.7641228639534998,16,False
8,-0.6344719760929367,125,False
9,-0.938860627689555,110,False
