class,auc
0,0.7524260147517986
1,0.772067751465323
2,0.909661678215049
3,0.8879618718267822
4,0.8415720042151497
5,0.839174672243984
6,0.9631784449188409
7,0.7123946788191884
8,0.8713955372364844
9,0.9225568482258274
