index,r2,complexity,numerically_unstable
0,-0.671433583216843,81,False
1,-0.12990787161994088,63,False
2,-1.8376364264433271,55,False
3,-0.20619935925746136,43,False
4,-0.1207212233276529,89,False
5,-0.9470720900111631,361,False
6,-0.23297097689849333,80,False
7,-0.11299737920807718,114,False
8,-0.320804366153546,47,False
9,-0.4865277676111701,238,False
