class,auc
0,0.9939330965202046
1,0.9914804296458629
2,0.9402299908719373
3,0.9466461084373177
4,0.9606963375805528
5,0.9399005654123611
6,0.9733529541333207
7,0.9617777031352188
8,0.945330191447841
9,0.9531066690520495
