round,threshold,edges_before,edges_after,drop_ratio,edges_removed,acc_drop,acc
0,0.02,105,99,0.05714285714285714,6,0.0076999664306640625,0.7996000051498413
1,0.020482758620689656,99,98,0.010101010101010102,1,-0.0012999773025512695,0.8008999824523926
2,0.021413793103448278,98,98,0.0,0,0.0,0.8008999824523926
3,0.022000000000000002,98,96,0.02040816326530612,2,0.005800008773803711,0.7950999736785889
4,0.022482758620689658,96,95,0.010416666666666666,1,-0.001000046730041504,0.7961000204086304
5,0.02341379310344828,95,91,0.042105263157894736,4,0.0020000338554382324,0.7940999865531921
6,0.02417241379310345,91,88,0.03296703296703297,3,0.011799991130828857,0.7822999954223633
