index,r2,complexity,numerically_unstable
0,-0.6468831960192352,86,False
1,-0.30266592655181435,48,False
2,-0.41223076030911776,63,False
3,-0.4670279141797724,58,False
4,-0.12176975030522774,154,False
5,-1.6199766116795775,518,False
6,-0.37816049541670127,82,False
7,-0.0027111051290196198,83,False
8,-0.30389924716169237,66,False
9,-0.3061707158834095,235,False
