class,auc
0,0.9896288293587945
1,0.9841484231161999
2,0.9380139937694059
3,0.9396882674919328
4,0.9339875916869588
5,0.9082156375610266
6,0.9736048521421028
7,0.9481490512636808
8,0.9300239076616901
9,0.9485414276736818
