round,threshold,edges_before,edges_after,drop_ratio,edges_removed,acc_drop,acc
0,0.01,103,96,0.06796116504854369,7,0.0029999613761901855,0.7918000221252441
1,0.01096551724137931,96,94,0.020833333333333332,2,-0.0004000067710876465,0.7922000288963318
2,0.01282758620689655,94,91,0.031914893617021274,3,0.003500044345855713,0.7886999845504761
3,0.014344827586206895,91,90,0.01098901098901099,1,-0.0026000142097473145,0.7912999987602234
