class,auc
0,0.9886250509072808
1,0.9912017511820728
2,0.9569979976177139
3,0.9413458297998877
4,0.9285255016104924
5,0.9176677330922798
6,0.9796278928442957
7,0.9629513718425331
8,0.9339570467429025
9,0.9486670901713299
