index,r2,complexity,numerically_unstable
0,0.9999999999999384,246,False
1,0.9999999999999615,489,False
2,0.9999999999998151,455,False
3,0.999999999999894,617,False
4,0.9999999999999679,681,False
5,0.9999999999999464,469,False
6,0.9999999999999459,472,False
7,0.9999999999999181,634,False
8,0.9999999999999082,482,False
9,0.9999999999999394,642,False
