round,threshold,edges_before,edges_after,drop_ratio,edges_removed,acc_drop,acc
0,0.02,109,92,0.1559633027522936,17,0.016200006008148193,0.8009999990463257
1,0.020482758620689656,92,89,0.03260869565217391,3,0.0042999982833862305,0.7967000007629395
