round,threshold,edges_before,edges_after,drop_ratio,edges_removed,acc_drop,acc
0,0.02,102,96,0.058823529411764705,6,0.0098000168800354,0.8065999746322632
1,0.020482758620689656,96,95,0.010416666666666666,1,0.001399993896484375,0.8051999807357788
2,0.021413793103448278,95,94,0.010526315789473684,1,9.995698928833008e-05,0.8051000237464905
3,0.022551724137931037,94,89,0.05319148936170213,5,0.004500031471252441,0.800599992275238
