index,r2,complexity,numerically_unstable
0,-0.6074929189456248,71,False
1,-0.5188392084884494,65,False
2,-0.5333607814875816,175,False
3,-0.5476790761919019,68,False
4,-0.5828658626055692,193,False
5,-0.7053103636602838,195,False
6,-0.5211211620570342,65,False
7,0.22694458992154287,87,False
8,-1.4083012729281057,56,False
9,-0.4969290472561225,126,False
