class,auc
0,0.9912708719851577
1,0.9894516623557971
2,0.9476447048593103
3,0.9405613497946012
4,0.888009114154583
5,0.9258413241402128
6,0.9567992606066147
7,0.9428656989058914
8,0.9522919414641071
9,0.9552145472198331
