class,auc
0,0.990529661975655
1,0.9874171306752535
2,0.9532952327483076
3,0.9471174792673929
4,0.9182885643061016
5,0.9119293564421755
6,0.9602509098112774
7,0.9690914752511487
8,0.9280011747946042
9,0.9066783995756575
