round,threshold,edges_before,edges_after,drop_ratio,edges_removed,acc_drop,acc
0,0.01,93,91,0.021505376344086023,2,0.0012999773025512695,0.7865999937057495
1,0.011448275862068966,91,91,0.0,0,0.0,0.7865999937057495
2,0.012620689655172414,91,90,0.01098901098901099,1,0.001999974250793457,0.784600019454956
