round,threshold,edges_before,edges_after,drop_ratio,edges_removed,acc_drop,acc
0,0.01,96,93,0.03125,3,-0.0026000142097473145,0.8011000156402588
1,0.01096551724137931,93,92,0.010752688172043012,1,0.001399993896484375,0.7997000217437744
2,0.01282758620689655,92,91,0.010869565217391304,1,0.000500023365020752,0.7991999983787537
3,0.015103448275862068,91,85,0.06593406593406594,6,0.003600001335144043,0.7955999970436096
