index,r2,complexity,numerically_unstable
0,-1.1527597717163336,102,False
1,-0.17467988069643514,65,False
2,-0.40253047139670417,82,False
3,-1.1625975890474978,58,False
4,-0.46090443750309307,48,False
5,-1.5918376674897208,414,False
6,-0.5409026998244884,56,False
7,-0.25664528474479353,100,False
8,-0.6404178701327485,463,False
9,-0.13850356603220493,163,False
