index,r2,complexity,numerically_unstable
0,-1.3892320733149508,102,False
1,-0.1499455955771607,65,False
2,-0.3107128786248887,82,False
3,-1.2175581731891505,58,False
4,-0.5379053967311656,48,False
5,-1.645593126307363,414,False
6,-0.5530070510038378,56,False
7,-0.26866338353857055,100,False
8,-0.43406999667788804,469,False
9,-0.25024720501170616,163,False
