class,auc
0,0.9928594054029595
1,0.9836587480837129
2,0.9364577498634248
3,0.9305353583189242
4,0.893870778470215
5,0.9245927297935488
6,0.9595483198564436
7,0.9506274709385534
8,0.9412976930437327
9,0.9417847535896208
