class,auc
0,0.9924162858047875
1,0.9830328147866556
2,0.934776492127046
3,0.9355345873853236
4,0.9007647750437121
5,0.9293309631704058
6,0.9567048277142299
7,0.9487119243439599
8,0.9412064667392535
9,0.9426230547252462
