index,r2,complexity,numerically_unstable
0,-0.3883363677108935,107,False
1,-0.20692090286760245,48,False
2,-1.047583412801143,55,False
3,-0.3432286743577264,98,False
4,-0.15728718107238726,64,False
5,-1.0613836572237805,318,False
6,-0.3674510439132459,60,False
7,-0.05632389739518717,79,False
8,-0.48492037506993046,50,False
9,-0.1093003204591203,193,False
