class,auc
0,0.9910922439929408
1,0.9915712684889098
2,0.9560260880201095
3,0.9621175343340784
4,0.9589821262656855
5,0.9430320213245734
6,0.9728927958093038
7,0.9565140293797739
8,0.9409108343635157
9,0.9607252886627405
