metric,mean,median,std,min,max
symbolic_core_speedup_vs_baseline,2.350451784713862,2.3631203457546217,0.021562766932752248,2.32009543002072,2.3681395783662453
final_teacher_imitation_mse_shift,6.245461101069992e-05,6.0256699815399925e-05,5.87456697026666e-06,5.6615072865800076e-05,7.049206035089975e-05
final_target_mse_shift,-2.3187368315998973e-05,-1.4554427249999224e-05,2.799226604588552e-05,-6.096209170219913e-05,5.954414004201436e-06
final_target_r2_shift,0.00025773777736907516,0.00016177884782719865,0.0003111463248374082,-6.618592545959423e-05,0.000677620409739621
baseline_formula_export_success_rate,1.0,1.0,0.0,1.0,1.0
icbr_formula_export_success_rate,1.0,1.0,0.0,1.0,1.0
