metric,mean,median,std,min,max
icbr_candidate_generation_wall_time_s,1.1380585333333355,1.145053500000003,0.019439651857366416,1.111536,1.1575861000000032
icbr_replay_rerank_wall_time_s,30.739667500000035,30.60633120000004,0.21722958916773824,30.566650200000016,31.046021100000047
icbr_candidate_share_of_core_time,0.035573007652201206,0.0358218634455717,0.00044096328710790125,0.03495337674013241,0.03594378277089952
icbr_replay_share_of_core_time,0.9608918874502087,0.9607475284491098,0.00021751716752211524,0.9607288204069971,0.9611993134945194
icbr_other_core_seconds,0.11307186666662498,0.11146489999993037,0.007009381271962738,0.10540419999995976,0.12234649999998481
icbr_replay_rank_inversion_rate,0.25285154919986375,0.247191011235955,0.014481684713038899,0.2386363636363636,0.2727272727272727
