metric,mean,median,std,min,max
icbr_candidate_generation_wall_time_s,1.1924651333333258,1.2208303999999828,0.0453474508509069,1.1284713999999951,1.2280935999999991
icbr_replay_rerank_wall_time_s,33.59217916666662,33.63267710000003,0.21745476710507383,33.307922999999846,33.83593739999998
icbr_candidate_share_of_core_time,0.03416157666022668,0.03471927800852288,0.0010668059348951265,0.03266870816962255,0.03509674380253459
icbr_replay_share_of_core_time,0.9625578060167932,0.9622625036774909,0.0012770482600620494,0.9611624485072423,0.9642484658656466
icbr_other_core_seconds,0.11450536666672424,0.10648970000016789,0.011591639610547105,0.10612930000003473,0.13089709999997012
icbr_replay_rank_inversion_rate,0.25285154919986375,0.247191011235955,0.014481684713038899,0.2386363636363636,0.2727272727272727
