variant,stage_seed,rounds,effective_rounds,total_edges_removed,mean_drop_ratio,max_drop_ratio
baseline_fastlib,42,7,6,17,0.02473442761439536,0.0571428571428571
baseline_fastlib,52,1,1,4,0.043010752688172,0.043010752688172
baseline_fastlib,62,7,4,25,0.03389651600282494,0.1415929203539823
baseline_icbr_fastlib,42,7,6,17,0.02473442761439536,0.0571428571428571
baseline_icbr_fastlib,52,1,1,4,0.043010752688172,0.043010752688172
baseline_icbr_fastlib,62,7,4,25,0.03389651600282494,0.1415929203539823
