index,r2,complexity,numerically_unstable
0,-0.9202348507499121,100,False
1,-0.5669810900044414,93,False
2,-0.4816726425444793,101,False
3,-0.16493022170470506,299,False
4,-0.12783162374036694,82,False
5,-0.7674272741267409,326,False
6,-0.07570352234813482,140,False
7,0.10900415089537374,74,False
8,-0.4786051244559173,72,False
9,-0.8208337091347384,209,False
