class,auc
0,0.9940080999140234
1,0.9912382258597515
2,0.9617008191053116
3,0.9518396678377515
4,0.9415083614170167
5,0.9374857219100736
6,0.9756414510064143
7,0.9673024029796115
8,0.9415371336558633
9,0.9505253519128642
