class,auc
0,0.7488971220417213
1,0.7684784245324509
2,0.9099139749254888
3,0.8947404156433442
4,0.8845922660223794
5,0.8250700118754319
6,0.9653057247574415
7,0.6965676072207351
8,0.8608435998946233
9,0.9304524213675188
