index,r2,complexity,numerically_unstable
0,-0.8406549019575862,97,False
1,-0.5258747261032035,51,False
2,-0.6366129662869895,58,False
3,-0.6337803247165676,83,False
4,0.26787155878022084,67,False
5,-0.8182912626364092,292,False
6,-0.3601953591844529,66,False
7,-0.012718305434524124,107,False
8,-0.8539048195374925,57,False
9,-0.38095316318946515,227,False
