class,auc
0,0.992276234218743
1,0.9902678205386226
2,0.9455233055169456
3,0.939556382779546
4,0.8992817713746527
5,0.9167575048594738
6,0.9736150111818703
7,0.9670129161021492
8,0.9258346638117307
9,0.9486438315862388
