index,r2,complexity,numerically_unstable
0,-0.48206094983486936,108,False
1,-0.6180548730394846,109,False
2,-0.24796370003684953,102,False
3,-0.22152489058073388,329,False
4,-0.7206432430210576,77,False
5,-1.164444411486047,491,False
6,-0.11128831409219964,150,False
7,-0.2817970331275812,67,False
8,-0.3766091896688384,96,False
9,-0.5895774185255607,199,False
