class,auc
0,0.9950950269242952
1,0.987880965336633
2,0.960286498852077
3,0.9518380158371789
4,0.9275896611393643
5,0.9425231181969824
6,0.9771167629235684
7,0.9609374322362177
8,0.9455045679126375
9,0.9477711386091521
