class,auc
0,0.9885445042762117
1,0.9908068904343419
2,0.9558626624207346
3,0.9411747926739282
4,0.9060625072552337
5,0.9192277375037172
6,0.9689570914484436
7,0.9377431364504529
8,0.9426789411924755
9,0.9399754891991429
