index,r2,complexity,numerically_unstable
0,-0.6032436508528551,82,False
1,-0.4784364161880894,80,False
2,-1.2515330354424292,85,False
3,-0.5273459503172764,228,False
4,-0.6225975377565733,48,False
5,-0.6789965282483335,272,False
6,-0.22283507380408052,97,False
7,0.06739424118538873,58,False
8,-0.6543056558806315,64,False
9,-0.8365416181949481,158,False
