round,threshold,edges_before,edges_after,drop_ratio,edges_removed,acc_drop,acc
0,0.02,116,105,0.09482758620689655,11,0.01690000295639038,0.7990999817848206
1,0.020482758620689656,105,105,0.0,0,0.0,0.7990999817848206
2,0.02106896551724138,105,103,0.01904761904761905,2,-0.0028000473976135254,0.8019000291824341
3,0.021551724137931036,103,101,0.019417475728155338,2,-0.006399989128112793,0.8083000183105469
4,0.02217241379310345,101,98,0.0297029702970297,3,0.0012000203132629395,0.8070999979972839
5,0.02293103448275862,98,94,0.04081632653061224,4,0.0026000142097473145,0.8044999837875366
6,0.023827586206896553,94,90,0.0425531914893617,4,0.008099973201751709,0.7964000105857849
