index,r2,complexity,numerically_unstable
0,-0.4915039843614024,121,False
1,-0.4755112288847205,81,False
2,-0.10229382295709444,167,False
3,0.07038621761157449,129,False
4,-0.2625225747188642,49,False
5,-0.6853892524048493,209,False
6,-0.5010774858776117,67,False
7,-0.3261768388845616,65,False
8,-0.9308040504598631,348,False
9,-0.32000190806402373,319,False
