class,auc
0,0.9911208651975204
1,0.980335775745333
2,0.9178188036360116
3,0.9020982059273781
4,0.9094523105858886
5,0.9086525963475661
6,0.9607454703381435
7,0.9584261606797456
8,0.9269437686519117
9,0.9374104861385997
