class,auc
0,0.994385040047061
1,0.9919595697578211
2,0.9577243636288197
3,0.9462179098888753
4,0.9284304778088087
5,0.9332378670699982
6,0.979750378539675
7,0.9634598170529672
8,0.9318282433908703
9,0.9488979674531927
