round,threshold,edges_before,edges_after,drop_ratio,edges_removed,acc_drop,acc
0,0.01,113,111,0.017699115044247787,2,-0.000299990177154541,0.7914000153541565
1,0.011448275862068966,111,108,0.02702702702702703,3,0.001900017261505127,0.7894999980926514
2,0.012689655172413793,108,107,0.009259259259259259,1,-0.001100003719329834,0.7906000018119812
3,0.01496551724137931,107,105,0.018691588785046728,2,0.001600027084350586,0.7889999747276306
4,0.017655172413793104,105,101,0.0380952380952381,4,0.001499950885772705,0.7875000238418579
5,0.01972413793103448,101,97,0.039603960396039604,4,0.0004000067710876465,0.7871000170707703
6,0.022068965517241378,97,95,0.020618556701030927,2,0.006399989128112793,0.7807000279426575
7,0.026,95,78,0.17894736842105263,17,0.031100034713745117,0.7495999932289124
