index,r2,complexity,numerically_unstable
0,-1.1880375380872126,83,False
1,0.21051625462102652,43,False
2,-0.6109478000468354,68,False
3,-0.6373889203015823,60,False
4,-0.23079918757043183,99,False
5,-0.687943892043593,319,False
6,-0.41982436379457266,40,False
7,-0.019669024958319348,65,False
8,-0.13144584779376722,303,False
9,-0.6102987250533805,232,False
