class,auc
0,0.9900447984071677
1,0.9884183456696259
2,0.9401413898858301
3,0.9479154506106894
4,0.9580991897174196
5,0.924120014238702
6,0.9683834520324776
7,0.9616068299820801
8,0.937183068215891
9,0.947227482961433
