index,r2,complexity,numerically_unstable
0,-1.0129075101163867,83,False
1,-0.339881024548512,73,False
2,-1.0931972681762434,79,False
3,-0.5412878097802951,57,False
4,-0.8730844683345622,78,False
5,-0.3497933087946985,149,False
6,-0.741383721626607,59,False
7,-0.33970590881006424,82,False
8,-0.8303249175870682,389,False
9,-1.3182583600109843,205,False
