class,auc
0,0.9403543146748722
1,0.9916943084097984
2,0.8898503896714589
3,0.9363008403176245
4,0.8580526771756328
5,0.8771646076676296
6,0.9673489039088752
7,0.9414936178443615
8,0.9410679779291492
9,0.9242467883586704
