index,r2,complexity,numerically_unstable
0,-1.1093701017940631,99,False
1,-0.4724104476879747,43,False
2,-0.43013546765302535,85,False
3,-0.7836929476895114,143,False
4,0.009812834618906585,89,False
5,-0.9249907506756685,396,False
6,-0.4011949871497189,49,False
7,-0.12431678168229343,104,False
8,-1.00051673188951,391,False
9,-0.8945285877272848,270,False
