class,auc
0,0.9935716548260101
1,0.9894064417063589
2,0.9570149614650539
3,0.961937686538398
4,0.9463214327172766
5,0.9394462513613421
6,0.9627015472679342
7,0.9670374194857846
8,0.9473067992943953
9,0.9516833759207947
