class,auc
0,0.9939261957554639
1,0.9911080301437867
2,0.9530489328119274
3,0.9324437493804999
4,0.9129752488686352
5,0.9071178863109551
6,0.9695373111515317
7,0.9408663962765267
8,0.9408897908892904
9,0.9371212419334872
