index,r2,complexity,numerically_unstable
0,-0.5643457299720589,92,False
1,-0.2860514441852784,68,False
2,-0.4820283140108581,131,False
3,-0.7665090579518308,49,False
4,0.3271195327279669,75,False
5,-1.5390679488595658,228,False
6,-1.1502976983980515,39,False
7,-0.6546141459656996,87,False
8,-0.28127755186301795,110,False
9,-0.5127173247861663,281,False
