index,r2,complexity,numerically_unstable
0,-0.6038589740116549,90,False
1,-0.3039734724467864,56,False
2,-0.4785329384421475,218,False
3,-0.34382292302177686,66,False
4,-0.19311831061341667,146,False
5,-0.6349060017004975,178,False
6,-0.600583543991374,54,False
7,-0.1330928847311179,57,False
8,-0.6450195736649293,374,False
9,-0.23333414741777792,229,False
