class,auc
0,0.9896312050319019
1,0.97990612988265
2,0.9401702392313066
3,0.9013994647518144
4,0.9436845927967554
5,0.9226853739185578
6,0.9650116321005339
7,0.9560102463175534
8,0.9461527069187758
9,0.9498608287838548
