class,auc
0,0.9884885062672519
1,0.9910854695120892
2,0.9421607360191967
3,0.9349300653090893
4,0.9007273978858304
5,0.8898829393565211
6,0.9479219337824554
7,0.9302006480169174
8,0.919678139492982
9,0.9413662092882445
