round,threshold,edges_before,edges_after,drop_ratio,edges_removed,acc_drop,acc
0,0.01,93,93,0.0,0,0.0,0.7754999995231628
1,0.011172413793103448,93,93,0.0,0,0.0,0.7754999995231628
2,0.012689655172413793,93,93,0.0,0,0.0,0.7754999995231628
3,0.014551724137931033,93,93,0.0,0,0.0,0.7754999995231628
4,0.01675862068965517,93,89,0.043010752688172046,4,0.0055999755859375,0.7699000239372253
