指标项,平均耗时(秒),耗时标准差(秒),RSS平均变化(MB),GPU峰值显存均值(MB),相对legacy耗时降幅(%),相对首次公式验证降幅(%)
公式验证（缓存复用）,0.149133,0.001979,0.0,,77.058862,45.862374
公式验证（首次编译）,0.27547,0.006285,-0.132812,,57.624411,0.0
当前默认评估接口,0.631706,0.015986,0.0,,2.824345,
新评估路径（Tensor快路径）,0.634926,0.011391,0.0,,2.329011,
旧评估路径（NumPy往返）,0.650067,0.013401,0.043403,,0.0,
