index,r2,complexity,numerically_unstable
0,-0.9751717723192115,91,False
1,-0.6211986113144068,48,False
2,-1.1362530233295778,81,False
3,-0.5702341606914316,67,False
4,-0.04246008477027652,153,False
5,-1.5641305335877491,319,False
6,-0.4198870893252462,75,False
7,-0.6894096186601177,90,False
8,-0.4650578334686801,105,False
9,-0.9320119617703024,241,False
