class,auc
0,0.9928770532603286
1,0.9876761307025848
2,0.9520434736945832
3,0.954707871232062
4,0.9355333234865413
5,0.9456858997461455
6,0.9594231789574885
7,0.9609197052308002
8,0.9209607108098847
9,0.95927421750569
