round,threshold,edges_before,edges_after,drop_ratio,edges_removed,acc_drop,acc
0,0.02,125,110,0.12,15,0.10510003566741943,0.7228999733924866
1,0.02,110,99,0.1,11,0.0023999810218811035,0.7204999923706055
2,0.020482758620689656,99,90,0.09090909090909091,9,-0.022700011730194092,0.7432000041007996
