class,auc
0,0.9610281008190416
1,0.9955872100101623
2,0.8794836961219564
3,0.9767692375466691
4,0.9773720267091976
5,0.9426278036752787
6,0.9844340422034219
7,0.9746816620146379
8,0.8913540781798055
9,0.9446717943579522
