name,time_mean_s,time_std_s,rss_delta_mean_mb,gpu_peak_mean_mb
legacy_numpy_path,0.6871384666666813,0.011845627111674485,0.08723958333333333,
fast_tensor_path,0.6556744000000094,0.021125912507754065,0.0,
model_acc_ds_current,0.6772041666666647,0.005581431363199682,0.0,
validate_formula_first,0.14696070000002237,0.0,0.9453125,
validate_formula_cached,0.14401830000002747,0.0,0.0,
