指标项,平均耗时(秒),耗时标准差(秒),RSS平均变化(MB),GPU峰值显存均值(MB),相对legacy耗时降幅(%),相对首次公式验证降幅(%)
公式验证（缓存复用）,0.149981,0.003361,0.0,,78.071141,46.451446
公式验证（首次编译）,0.280084,0.006699,-0.160156,,59.048644,0.0
当前默认评估接口,0.646651,0.009659,0.0,,5.452529,
新评估路径（Tensor快路径）,0.64807,0.008661,0.0,,5.24504,
旧评估路径（NumPy往返）,0.683943,0.017112,0.0,,0.0,
