index,r2,complexity,numerically_unstable
0,-0.9238390383079633,84,False
1,-0.6218619484897554,51,False
2,-0.835443528932273,83,False
3,-1.0708720970006858,58,False
4,-0.700994798822048,92,False
5,-1.8088647175383143,415,False
6,-0.6062149818465978,52,False
7,-0.10228051891486412,91,False
8,-0.981093809128387,67,False
9,-0.6337129332038935,243,False
