class,auc
0,0.9928450382370242
1,0.9892659098419513
2,0.9549488837140149
3,0.9494545094108966
4,0.9611483075939092
5,0.932587906260893
6,0.956806648999173
7,0.963236304993833
8,0.9310336531789752
9,0.9406654204033348
