round,threshold,edges_before,edges_after,drop_ratio,edges_removed,acc_drop,acc
0,0.02,108,98,0.09259259259259259,10,0.015500009059906006,0.8014000058174133
1,0.020482758620689656,98,98,0.0,0,0.0,0.8014000058174133
2,0.02106896551724138,98,97,0.01020408163265306,1,-0.001999974250793457,0.8033999800682068
3,0.021793103448275862,97,95,0.020618556701030927,2,-0.002499997615814209,0.805899977684021
4,0.022413793103448276,95,93,0.021052631578947368,2,0.004700005054473877,0.8011999726295471
5,0.023172413793103447,93,89,0.043010752688172046,4,0.029899954795837402,0.7713000178337097
