index,r2,complexity,numerically_unstable
0,-1.2920645125866979,83,False
1,0.21051625462102652,43,False
2,-0.7915651438807709,68,False
3,-0.8204956872712243,60,False
4,-0.23079918757043183,99,False
5,-0.8379037839348251,319,False
6,-0.41982436379457266,40,False
7,-0.019669024958319348,65,False
8,-0.4748405219128462,303,False
9,-0.7469652787376282,232,False
