class,auc
0,0.9937062763020952
1,0.9886169189829825
2,0.9496707500916265
3,0.9569339970704523
4,0.9485400098196908
5,0.9346321348600061
6,0.962180319261678
7,0.9616862491347921
8,0.9477491672471632
9,0.9472975894074891
