metric,mean,median,std,min,max
symbolic_core_speedup_vs_baseline,1.7517630538254416,1.7682218635220865,0.03132938214691428,1.7079088547168246,1.7791584432374135
final_teacher_imitation_mse_shift,-0.006329832790397266,-0.0069103894773908,0.00157935963663918,-0.007907382260875302,-0.004171726632925699
final_target_mse_shift,-0.008690839000872535,-0.008327755382443604,0.0009387072258865168,-0.009978221937201902,-0.007766539682972098
final_target_r2_shift,0.09660249050383035,0.09256665670253028,0.01043414287912512,0.08632849784659602,0.11091231696236475
baseline_formula_export_success_rate,1.0,1.0,0.0,1.0,1.0
icbr_formula_export_success_rate,1.0,1.0,0.0,1.0,1.0
