metric,mean,median,std,min,max
icbr_candidate_generation_wall_time_s,0.34993556666667214,0.3380948000000217,0.01683518437168853,0.3379678999999953,0.3737439999999994
icbr_replay_rerank_wall_time_s,19.251306966666593,19.3568541999999,0.1890206330831509,18.985841,19.411225699999875
icbr_candidate_share_of_core_time,0.013406511744271446,0.012895488049522227,0.0007618547794540078,0.01284057660917,0.01448347057412211
icbr_replay_share_of_core_time,0.7371830138581342,0.737223200944593,0.0011567868629642603,0.7357465790714005,0.7385792615584093
icbr_other_core_seconds,6.513184733333401,6.513406600000096,0.05535379152699157,6.445279800000002,6.580867800000107
icbr_replay_rank_inversion_rate,0.11325331971399384,0.1011235955056179,0.051746804455466595,0.0568181818181818,0.1818181818181818
