metric,mean,median,std,min,max
icbr_candidate_generation_wall_time_s,0.38195893333333714,0.3370812000000001,0.07895123414789121,0.3158572000000106,0.4929384000000008
icbr_replay_rerank_wall_time_s,22.344874566666608,20.72383959999993,2.403518218927877,20.568012299999893,25.742771799999996
icbr_candidate_share_of_core_time,0.01654371211069449,0.016032205612847218,0.0015658973730536352,0.014933501077698608,0.018665429641537647
icbr_replay_share_of_core_time,0.9776091867255126,0.9782527243915377,0.002107929524212753,0.9747666154859483,0.9798082202990518
icbr_other_core_seconds,0.13494413333338665,0.12016080000010732,0.027474412664524012,0.1112174000000472,0.17345420000000544
icbr_replay_rank_inversion_rate,0.11325331971399384,0.1011235955056179,0.051746804455466595,0.0568181818181818,0.1818181818181818
