metric,mean,median,std,min,max
symbolic_core_speedup_vs_baseline,2.377025367444397,1.7594217255198676,0.8839341320681043,1.7445867138924929,3.6270676629208305
final_teacher_imitation_mse_shift,-0.0060092223871532,-0.0069103894773908,0.001299385000470159,-0.0069455510511431005,-0.004171726632925699
final_target_mse_shift,-0.0083642063559716,-0.008327755382443604,0.0005035339495747391,-0.0089983240024991,-0.007766539682972098
final_target_r2_shift,0.09297182527414265,0.09256665670253028,0.005597000885330637,0.08632849784659602,0.10002032127330163
baseline_formula_export_success_rate,1.0,1.0,0.0,1.0,1.0
icbr_formula_export_success_rate,1.0,1.0,0.0,1.0,1.0
