metric,mean,median,std,min,max
icbr_candidate_generation_wall_time_s,0.33329156666666354,0.3266946999999902,0.013211667893783606,0.3214511999999985,0.3517288000000018
icbr_replay_rerank_wall_time_s,18.566778200000048,18.384943900000025,0.32983511692761525,18.2856886,19.02970210000012
icbr_candidate_share_of_core_time,0.017538670369705786,0.017083679888396954,0.0008655736504778734,0.016782008934296294,0.018750322286424106
icbr_replay_share_of_core_time,0.9764691963916388,0.9770767580078661,0.0012005753704212702,0.9747923811731921,0.9775384499938583
icbr_other_core_seconds,0.11385723333328457,0.11056339999987941,0.005149858648145375,0.10987879999997574,0.12112949999999856
icbr_replay_rank_inversion_rate,0.11325331971399384,0.1011235955056179,0.051746804455466595,0.0568181818181818,0.1818181818181818
