metric,mean,median,std,min,max
symbolic_core_speedup_vs_baseline,2.174966932252812,1.411476129250964,1.0868588669133188,1.4014181546890054,3.7120065128184665
final_teacher_imitation_mse_shift,-0.0060092223871532,-0.0069103894773908,0.001299385000470159,-0.0069455510511431005,-0.004171726632925699
final_target_mse_shift,-0.0083642063559716,-0.008327755382443604,0.0005035339495747391,-0.0089983240024991,-0.007766539682972098
final_target_r2_shift,0.09297182527414265,0.09256665670253028,0.005597000885330637,0.08632849784659602,0.10002032127330163
baseline_formula_export_success_rate,1.0,1.0,0.0,1.0,1.0
icbr_formula_export_success_rate,1.0,1.0,0.0,1.0,1.0
