baseline,variant,metric,mean_delta,median_delta,std_delta,win_count,lose_count,tie_count
baseline,baseline_icbr,final_acc,0.011200010776519775,0.011400043964385986,0.004656173021396578,3,0,0
baseline,baseline_icbr,macro_auc,0.010175834282603899,0.009788883352249589,0.0009311888003764112,3,0,0
baseline,baseline_icbr,symbolic_core_seconds,-14.283928900000001,-14.455072999999999,0.3617489691474204,3,0,0
baseline,baseline_icbr,symbolize_wall_time_s,-8.013315166666663,-7.3107312000000135,5.764087957687198,3,0,0
baseline,baseline_icbr,validation_mean_r2,0.07770748312310288,0.1106904470509733,0.056736542017931234,2,1,0
baseline,baseline_icbr,run_total_wall_time_s,-7.40156030000001,-6.951544600000005,5.649013313969248,3,0,0
baseline,baseline_icbr,final_n_edge,0.0,0.0,0.0,0,0,3
