index,r2,complexity,numerically_unstable
0,-0.5953647460725469,80,False
1,-0.6411744056436977,65,False
2,-0.43428641886066255,80,False
3,-0.27772446008322915,64,False
4,-0.3996647576694652,113,False
5,-0.6529407581715376,217,False
6,-0.5628142908360179,56,False
7,-0.2820489594345348,74,False
8,-0.1610719646080443,487,False
9,-0.9771410403366223,191,False
