class,auc
0,0.9923701298701298
1,0.9868947079416902
2,0.9346301384249942
3,0.9409942840780186
4,0.906788934012491
5,0.9242674108997955
6,0.9548486095276092
7,0.9517000360828587
8,0.9468325248847613
9,0.9512198025577607
