index,r2,complexity,numerically_unstable
0,-0.9073332856927565,90,False
1,-0.6114412499578301,40,False
2,-1.1728427801871515,67,False
3,-0.5263384114006013,82,False
4,0.010654461521365177,77,False
5,-1.6514621165890264,245,False
6,-0.5908480820057473,58,False
7,-0.03254637474256139,111,False
8,-0.305116686177888,454,False
9,-1.2196747031004267,240,False
