class,auc
0,0.9949259016245079
1,0.9863865967982787
2,0.9514288313659593
3,0.9583928237095121
4,0.9340140154179082
5,0.8986980597552834
6,0.9608390951250924
7,0.9511777670608603
8,0.9354350948730819
9,0.9468337404688029
