index,r2,complexity,numerically_unstable
0,-1.0408411178241388,66,False
1,-0.40780396180449885,57,False
2,-0.9247322703262324,63,False
3,-0.6883232452282726,68,False
4,0.08883811154380739,144,False
5,-2.307376438231482,287,False
6,-0.3332138030515799,50,False
7,-0.31502548731478397,82,False
8,-0.8809795013146366,70,False
9,-0.6231966796399973,224,False
