class,auc
0,0.9915845739626227
1,0.9906957768385798
2,0.9581722848335859
3,0.9584524058635007
4,0.9333414524198943
5,0.9554201106404265
6,0.9613882604907092
7,0.9659818223925363
8,0.9405774374826817
9,0.9522370074071429
