round,threshold,edges_before,edges_after,drop_ratio,edges_removed,acc_drop,acc
0,0.02,119,98,0.17647058823529413,21,0.06360000371932983,0.7577999830245972
1,0.02,98,98,0.0,0,0.0,0.7577999830245972
2,0.02075862068965517,98,96,0.02040816326530612,2,-0.02210003137588501,0.7799000144004822
3,0.021241379310344827,96,96,0.0,0,0.0,0.7799000144004822
4,0.02182758620689655,96,95,0.010416666666666666,1,-0.01940000057220459,0.7993000149726868
5,0.022551724137931033,95,93,0.021052631578947368,2,-0.010800004005432129,0.8101000189781189
6,0.023172413793103447,93,92,0.010752688172043012,1,-0.000599980354309082,0.810699999332428
7,0.024310344827586206,92,86,0.06521739130434782,6,0.013300001621246338,0.7973999977111816
