index,r2,complexity,numerically_unstable
0,-0.723657270293308,71,False
1,-0.5736541278714113,51,False
2,-0.9890296681590778,81,False
3,-0.5933954522058769,68,False
4,0.18184152169056533,88,False
5,-0.5158256302347497,264,False
6,-0.25136610590095687,75,False
7,0.11677811463847054,67,False
8,-0.7550140012094555,64,False
9,-0.35388573657396427,265,False
