index,r2,complexity,numerically_unstable
0,-0.47242513049430657,79,False
1,-0.39709788439240645,62,False
2,-1.2036976153675103,80,False
3,-0.2684171019696562,64,False
4,-0.22104947039180067,81,False
5,-0.53170177570855,181,False
6,-0.5820305374368948,58,False
7,-0.5926853863047579,63,False
8,-0.6352834874080928,67,False
9,-0.23624555017166426,248,False
