class,auc
0,0.9927877958278654
1,0.9891528085253347
2,0.9535870217275552
3,0.9470752981861036
4,0.9353423725077568
5,0.9035395015666511
6,0.9577394335596491
7,0.9608419666198861
8,0.9363622589725962
9,0.9381736102361584
