class,auc
0,0.9934749309923527
1,0.9823575860124083
2,0.9557865952326619
3,0.9559461007279815
4,0.9216674142098243
5,0.9275617108893576
6,0.9649778648376701
7,0.9676361260540793
8,0.9353589402460882
9,0.9322643863993936
