index,r2,complexity,numerically_unstable
0,-0.8361288295537004,101,False
1,-0.2767569794301865,63,False
2,-0.40571810329483227,71,False
3,-0.19803347836796115,88,False
4,0.3176844767372011,72,False
5,-1.4826281266715076,305,False
6,-0.12482524425248043,71,False
7,-0.07611139138723755,112,False
8,-0.864754348547843,56,False
9,-0.1595941257928919,243,False
