class,auc
0,0.9926468392234944
1,0.9893075525938514
2,0.9544146845977776
3,0.9589536228372559
4,0.9495302221987345
5,0.9448320453511523
6,0.9761615822981503
7,0.9697669446318942
8,0.9454857994085988
9,0.9549987163686097
