round,threshold,edges_before,edges_after,drop_ratio,edges_removed,acc_drop,acc
0,0.02,113,97,0.1415929203539823,16,0.03470003604888916,0.7775999903678894
1,0.02,97,94,0.030927835051546393,3,-0.013700008392333984,0.7912999987602234
2,0.020482758620689656,94,92,0.02127659574468085,2,0.014599978923797607,0.7767000198364258
3,0.02110344827586207,92,92,0.0,0,0.0,0.7767000198364258
4,0.021689655172413794,92,92,0.0,0,0.0,0.7767000198364258
5,0.022448275862068965,92,92,0.0,0,0.0,0.7767000198364258
6,0.023379310344827587,92,88,0.043478260869565216,4,-0.007299959659576416,0.7839999794960022
