index,r2,complexity,numerically_unstable
0,-0.6011334543434872,111,False
1,-0.46871622696830584,67,False
2,-0.8950183073135687,160,False
3,-0.684337179151026,89,False
4,0.38835629581198083,97,False
5,-0.9630328549179494,320,False
6,-0.8122499453705172,123,False
7,-0.11944264988453823,57,False
8,-0.8056358214770531,411,False
9,-0.39633901088600276,269,False
