class,auc
0,0.9924971718177292
1,0.9825976033055797
2,0.9532247301343624
3,0.9473930329629181
4,0.8930480293091121
5,0.9095265754641366
6,0.9476173934766959
7,0.949698402379387
8,0.934844057618625
9,0.8938916892886721
