round,threshold,edges_before,edges_after,drop_ratio,edges_removed,acc_drop,acc
0,0.01,99,94,0.050505050505050504,5,0.004999995231628418,0.7749000191688538
1,0.01096551724137931,94,94,0.0,0,0.0,0.7749000191688538
2,0.012137931034482758,94,93,0.010638297872340425,1,0.000800013542175293,0.7741000056266785
3,0.013586206896551723,93,91,0.021505376344086023,2,0.001600027084350586,0.7724999785423279
4,0.01482758620689655,91,89,0.02197802197802198,2,-0.000500023365020752,0.7730000019073486
