index,r2,complexity,numerically_unstable
0,-0.35182428379457265,105,False
1,-0.2085906688465995,50,False
2,-1.0067401280974977,46,False
3,-0.32287758005827993,81,False
4,-0.15988310698210717,66,False
5,-1.0586642851059311,300,False
6,-0.36013850513368006,58,False
7,-0.04702641870927082,80,False
8,-0.4638741943211948,51,False
9,-0.10936395672991273,199,False
