class,auc
0,0.9919518982759401
1,0.9915883628882577
2,0.9554506678353353
3,0.9623406645447636
4,0.9587567905600882
5,0.9427091641704625
6,0.9724539945575253
7,0.9564108115867609
8,0.9405997321905096
9,0.9612775973859556
