index,r2,complexity,numerically_unstable
0,-0.3412377811214269,111,False
1,-0.21262692528400495,60,False
2,-0.9984360711803058,61,False
3,-0.3213341002774486,96,False
4,-0.16693477245851818,69,False
5,-1.1054488199339905,329,False
6,-0.3649049177560355,65,False
7,-0.048575940743884605,87,False
8,-0.48231009492191257,61,False
9,-0.1119349515507635,213,False
