class,auc
0,0.9921640119462419
1,0.9919767635432118
2,0.9573259293162943
3,0.9627467262855317
4,0.9603777283631424
5,0.943481842700745
6,0.9731585470541325
7,0.9573855258296021
8,0.9425456848138006
9,0.9612483312516348
