index,r2,complexity,numerically_unstable
0,-0.3533887004714793,81,False
1,-0.1939749464919711,82,False
2,-0.7074762967986123,67,False
3,-0.6508695381807614,123,False
4,-0.532458375398241,92,False
5,-0.319959500626821,200,False
6,-0.539715725007331,48,False
7,-0.49789667487948197,91,False
8,-0.6912038709283739,65,False
9,-1.2210125591679666,219,False
