class,auc
0,0.9930080546631069
1,0.9919222999918007
2,0.9425622497562393
3,0.9573532748158019
4,0.9591734160102514
5,0.9065238069917345
6,0.9606592916655701
7,0.959363415103799
8,0.9314322848299075
9,0.9279763190125485
