round,threshold,edges_before,edges_after,drop_ratio,edges_removed,acc_drop,acc
0,0.02,116,99,0.14655172413793102,17,0.017499983310699463,0.8025000095367432
1,0.020482758620689656,99,98,0.010101010101010102,1,-0.0009999871253967285,0.8034999966621399
2,0.021413793103448278,98,95,0.030612244897959183,3,0.0018000006675720215,0.8016999959945679
3,0.02217241379310345,95,94,0.010526315789473684,1,0.0006999969482421875,0.8009999990463257
4,0.023517241379310345,94,88,0.06382978723404255,6,0.008400022983551025,0.7925999760627747
