index,r2,complexity,numerically_unstable
1,-0.7695026810848964,32,False
2,-0.8957358896446646,43,False
3,-0.9821214466722314,14,False
4,-1.2268942218334615,16,False
5,-0.752460469118527,34,False
6,-0.7074362167988801,48,False
7,-0.18363538717459305,24,False
8,-0.5616682544528389,66,False
9,0.11504164733392241,38,False
