class,auc
0,0.7584792298294041
1,0.9565515030896636
2,0.8738545081046132
3,0.7906933446403595
4,0.656940305855815
5,0.8286162093739107
6,0.9387538044449493
7,0.8746546215549977
8,0.8115845235598187
9,0.8099880521419999
