class,auc
0,0.7516292592424997
1,0.961509624295912
2,0.8809311877199897
3,0.7824471635150168
4,0.672886124108425
5,0.8310232368528333
6,0.9318122941928619
7,0.8648022555256214
8,0.8152323245053874
9,0.8050376111162368
