class,auc
0,0.9939830987827504
1,0.9893784148423116
2,0.9478397891037211
3,0.9533744865031553
4,0.9328063718681668
5,0.9091978716783748
6,0.9610646719853857
7,0.9454526490542995
8,0.9393411049348197
9,0.9421292231555418
