index,r2,complexity,numerically_unstable
0,-0.49786200492733745,121,False
1,-0.5369511902521531,72,False
2,-0.2809033377015193,164,False
3,0.06550176635532035,126,False
4,-0.2605381798048714,49,False
5,-0.5136147119820431,209,False
6,-0.5099859101738946,65,False
7,-0.2188119530376742,57,False
8,-0.9967066544637888,345,False
9,-0.31083335876226825,202,False
