class,auc
0,0.9904897280419929
1,0.9783484524350824
2,0.917756026595855
3,0.8934304342558839
4,0.9094423734563007
5,0.9041432432139683
6,0.9597128270344978
7,0.9583877250624945
8,0.930793928195571
9,0.9384721688983333
