class,auc
0,0.999874654961763
1,0.9995101261954278
2,0.9996660175023685
3,0.9995805019879074
4,0.9999252456842369
5,0.9995968901335445
6,0.9996813755709265
7,0.9998005034252694
8,0.9991720246006176
9,0.998399677069427
