index,r2,complexity,numerically_unstable
0,-1.0070560369302899,119,False
1,-0.1850820318281543,66,False
2,-1.557765219247473,83,False
3,-0.6441383155286948,85,False
4,-0.004986827083359513,204,False
5,-1.5592056237988663,427,False
6,-0.36567726515328935,76,False
7,0.2587511811939355,103,False
8,-0.33773791650887985,269,False
9,-0.9438670004334204,305,False
