task,metric,favorable_direction,sample_count,finite_count,effective_count,tie_count,improved_count,worsened_count,mean_delta,median_delta,std_delta,min_delta,max_delta,mean_delta_ci95_low,mean_delta_ci95_high,sign_test_pvalue_two_sided
minimal,symbolic_wall_time_delta_s,positive,20,20,20,0,20,0,1.1142472799999994,1.1171954500000005,0.014295130693558342,1.0886457000000007,1.1375452999999993,1.1078667049999988,1.1199519850000001,1.9073486328125e-06
minimal,imitation_mse_shift,negative,20,20,20,0,2,18,1.3911476344219409e-05,1.3548022252507508e-05,1.3309763824024439e-05,-1.7987797036767006e-05,4.298001294955611e-05,8.356826947419905e-06,1.9470877305138856e-05,0.0004024505615234375
poly_cubic,symbolic_wall_time_delta_s,positive,20,20,20,0,20,0,5.354709545000006,5.490279950000016,1.5709102016350254,3.230841599999991,8.489096200000006,4.683255885000004,6.0102120750000045,1.9073486328125e-06
poly_cubic,imitation_mse_shift,negative,20,20,20,0,11,9,-0.00010391935938969254,-1.828651875257492e-06,0.0004061827667968392,-0.0012089486699551344,0.0004273394588381052,-0.0003010437940247357,4.7255528625100854e-05,0.8238029479980469
combo,symbolic_wall_time_delta_s,positive,20,20,20,0,20,0,6.441921594999994,6.562301049999974,0.40940335432730496,5.465763400000014,6.792718499999978,6.2351189949999934,6.596354374999987,1.9073486328125e-06
combo,imitation_mse_shift,negative,20,20,20,0,13,7,-2.7743279133574106e-05,-3.194708551745862e-05,0.00010430351967245126,-0.00021984224440529943,0.00030280277132987976,-6.961073086131364e-05,2.074579861073289e-05,0.26317596435546875
trig_interaction,symbolic_wall_time_delta_s,positive,20,20,20,0,20,0,15.556178255000006,15.323734550000097,1.2695524189781198,13.11104110000008,17.922315899999944,15.024218549999995,16.081518620000033,1.9073486328125e-06
trig_interaction,imitation_mse_shift,negative,20,20,20,0,14,6,-0.00045958929695189,-0.00032699049916118383,0.0007024524538140546,-0.0018802267732098699,0.0005172037053853273,-0.0007701807247940451,-0.00016284052981063724,0.11531829833984375
