name,time_mean_s,time_std_s,rss_delta_mean_mb,gpu_peak_mean_mb
legacy_numpy_path,0.5212172333333456,0.007004587088159255,0.0390625,
fast_tensor_path,0.5093420666666665,0.006698842107592388,0.0,
model_acc_ds_current,0.5176612666666642,0.01413027356053619,0.0,
validate_formula_first,0.10944439999997257,0.0,6.375,
validate_formula_cached,0.11979309999998122,0.0,0.109375,
