指标项,平均耗时(秒),耗时标准差(秒),RSS平均变化(MB),GPU峰值显存均值(MB),相对legacy耗时降幅(%),相对首次公式验证降幅(%)
公式验证（缓存复用）,0.121076,0.001878,0.0,,77.263541,48.082109
公式验证（首次编译）,0.233207,0.003218,-0.627604,,56.20689,0.0
当前默认评估接口,0.505065,0.001829,0.0,,5.155428,
新评估路径（Tensor快路径）,0.514507,0.009559,0.0,,3.38236,
旧评估路径（NumPy往返）,0.532519,0.007241,0.392361,,0.0,
