index,r2,complexity,numerically_unstable
0,-0.9723660334006328,84,False
1,-0.34320628746409176,64,False
2,-1.1987012089493643,83,False
3,-1.2235808388158995,58,False
4,-0.64395756269366,92,False
5,-1.3673737302082585,434,False
6,-0.6256647286020829,52,False
7,-0.20756645402134444,91,False
8,-0.8595696271942199,67,False
9,-0.549516053634957,243,False
