class,auc
0,0.9934258337481333
1,0.9933380541703626
2,0.9447553402623626
3,0.9472827894580335
4,0.9598502700414966
5,0.930696120889141
6,0.9558931435255286
7,0.9611760691715341
8,0.9247975049036982
9,0.9419214391133781
