round,threshold,edges_before,edges_after,acc
0,0.02,108,98,0.8014000058174133
1,0.0203448275862069,98,98,0.8014000058174133
2,0.020689655172413793,98,98,0.8014000058174133
3,0.02103448275862069,98,97,0.8033999800682068
4,0.021379310344827585,97,97,0.8033999800682068
5,0.021724137931034483,97,95,0.805899977684021
6,0.022068965517241378,95,95,0.805899977684021
7,0.022413793103448276,95,93,0.8011999726295471
8,0.022758620689655173,93,90,0.7961999773979187
