index,r2,complexity,numerically_unstable
0,-0.7572267837539399,101,False
1,-0.433533924917457,67,False
2,-1.0402517093083619,138,False
3,-0.8243510853431295,82,False
4,0.3777361141354708,85,False
5,-1.0797390942428726,292,False
6,-0.3369229309594495,112,False
7,0.16016213362717568,48,False
8,-0.5628574035239393,275,False
9,-0.8583216109260865,239,False
