class,auc
0,0.9919549527127924
1,0.9837526678940843
2,0.9443384834277258
3,0.9429686450291304
4,0.895044150215071
5,0.9093240973785427
6,0.943408838087533
7,0.9461451406971277
8,0.9276809727408523
9,0.8922654622467417
