index,r2,complexity,numerically_unstable
0,-1.2336926128448478,82,False
1,-0.5971858782774273,49,False
2,-0.9801887463157186,67,False
3,-0.9896020619245416,74,False
4,0.1498486975172414,76,False
5,-0.661435037091878,147,False
6,-0.5953239086661841,59,False
7,-0.019988699139976918,102,False
8,-0.3270451765446498,467,False
9,-1.5389444532070002,230,False
