round,threshold,edges_before,edges_after,drop_ratio,edges_removed,acc_drop,acc
0,0.02,116,111,0.04310344827586207,5,0.007800042629241943,0.8238999843597412
1,0.020482758620689656,111,110,0.009009009009009009,1,0.0,0.8238999843597412
2,0.021413793103448278,110,109,0.00909090909090909,1,0.000599980354309082,0.8233000040054321
3,0.022551724137931037,109,109,0.0,0,0.0,0.8233000040054321
4,0.02313793103448276,109,108,0.009174311926605505,1,-0.0012999773025512695,0.8245999813079834
5,0.023862068965517243,108,107,0.009259259259259259,1,-0.001399993896484375,0.8259999752044678
6,0.024793103448275865,107,101,0.056074766355140186,6,0.00959998369216919,0.8163999915122986
7,0.025551724137931036,101,94,0.06930693069306931,7,0.0055999755859375,0.8108000159263611
8,0.02644827586206897,94,90,0.0425531914893617,4,0.010300040245056152,0.8004999756813049
