task,metric,favorable_direction,sample_count,finite_count,effective_count,tie_count,improved_count,worsened_count,mean_delta,median_delta,std_delta,min_delta,max_delta,mean_delta_ci95_low,mean_delta_ci95_high,sign_test_pvalue_two_sided
minimal,symbolic_wall_time_delta_s,positive,2,2,2,0,2,0,1.4050385999999997,1.4050385999999997,0.038830344624790805,1.3775813999999995,1.4324957999999999,1.3775813999999995,1.4324957999999999,0.5
minimal,final_mse_loss_shift,negative,2,2,2,0,0,2,8.089124457910657e-05,8.089124457910657e-05,3.49036821037191e-06,7.842318154871464e-05,8.33593076094985e-05,7.842318154871464e-05,8.33593076094985e-05,0.5
combo,symbolic_wall_time_delta_s,positive,2,2,2,0,2,0,7.952354850000002,7.952354850000002,0.15179482484935042,7.845019700000002,8.059690000000002,7.845019700000002,8.059690000000002,0.5
combo,final_mse_loss_shift,negative,2,2,2,0,1,1,2.770770515780896e-05,2.770770515780896e-05,0.00022276842315479875,-0.00012981335748918355,0.00018522876780480146,-0.00012981335748918355,0.00018522876780480146,1.0
poly_cubic,symbolic_wall_time_delta_s,positive,2,2,2,0,2,0,12.423973100000003,12.423973100000003,0.059647426841568735,12.381796000000001,12.466150200000005,12.381796000000001,12.466150200000005,0.5
poly_cubic,final_mse_loss_shift,negative,2,2,2,0,2,0,-1.1321855708956718e-05,-1.1321855708956718e-05,2.042475791508404e-06,-1.2766104191541672e-05,-9.877607226371765e-06,-1.2766104191541672e-05,-9.877607226371765e-06,0.5
trig_interaction,symbolic_wall_time_delta_s,positive,2,2,2,0,2,0,20.7224198,20.7224198,0.15985435723064187,20.609385699999997,20.835453900000005,20.609385699999997,20.835453900000005,0.5
trig_interaction,final_mse_loss_shift,negative,2,2,2,0,1,1,0.00036089587956666946,0.00036089587956666946,0.0008590653837628854,-0.00024655507877469063,0.0009683468379080296,-0.00024655507877469063,0.0009683468379080296,1.0
