class,auc
0,0.99311507308023
1,0.9872946870706213
2,0.9425027682405659
3,0.9399203735723962
4,0.930263595912949
5,0.9131668729604487
6,0.9706935945868942
7,0.9441000297510109
8,0.9393246682752222
9,0.928028733501699
