index,r2,complexity,numerically_unstable
0,-0.8938413765296509,97,False
1,-0.3155553277513481,73,False
2,-1.2137355372417682,87,False
3,-0.8482938932907116,68,False
4,-0.06369465813312725,42,False
5,-0.20846054418598436,205,False
6,-0.3006043209179716,73,False
7,-0.294412136124655,65,False
8,-0.8569421884648911,532,False
9,-0.9368368452943745,184,False
