指标项,平均耗时(秒),耗时标准差(秒),RSS平均变化(MB),GPU峰值显存均值(MB),相对legacy耗时降幅(%),相对首次公式验证降幅(%)
公式验证（缓存复用）,0.730647,0.018113,0.0,,68.48027,39.483008
公式验证（首次编译）,1.207341,0.051039,-0.16276,,47.915901,0.0
新评估路径（Tensor快路径）,2.226814,0.01629,0.0,,3.936327,
当前默认评估接口,2.250893,0.047917,0.0,,2.897602,
旧评估路径（NumPy往返）,2.318061,0.058509,0.02908,,0.0,
