index,r2,complexity,numerically_unstable
0,-0.6696019851167279,81,False
1,-0.12971291909890836,60,False
2,-1.7705148143235925,52,False
3,-0.20475817242262173,43,False
4,-0.1138583330602152,85,False
5,-1.283024042921646,352,False
6,-0.27044718681107516,82,False
7,-0.12057643247572702,107,False
8,-0.30407904491106175,46,False
9,-0.48515320785302163,227,False
