class,auc
0,0.9938065070817684
1,0.9914471353215512
2,0.9428545249604104
3,0.946908941728433
4,0.9609881843012323
5,0.9439896380454968
6,0.9748671705550391
7,0.9614343847091947
8,0.946345681264847
9,0.9545596141235387
