variant,stage_seed,rounds,effective_rounds,total_edges_removed,mean_drop_ratio,max_drop_ratio
baseline,42,13,7,19,0.014759022286077948,0.0510204081632653
baseline,52,14,8,23,0.015929945813986993,0.0693069306930693
baseline,62,5,5,28,0.05232421643208327,0.146551724137931
adaptive,42,1,1,18,0.1818181818181818,0.1818181818181818
adaptive,52,0,0,0,,
adaptive,62,1,1,26,0.2260869565217391,0.2260869565217391
adaptive_auto,42,1,1,1,0.0109890109890109,0.0109890109890109
adaptive_auto,52,0,0,0,,
adaptive_auto,62,9,7,26,0.02787212997134479,0.0560747663551401
