variant,rounds_mean,effective_rounds_mean,total_edges_removed_mean,mean_drop_ratio_mean,max_drop_ratio_mean
adaptive,0.6666666666666666,0.6666666666666666,14.666666666666666,0.20395256916996046,0.20395256916996046
adaptive_auto,3.3333333333333335,2.6666666666666665,9.0,0.019430570480177843,0.0335318886720755
baseline,10.666666666666666,6.666666666666667,23.333333333333332,0.027671061510716074,0.08895968766475519
