class,auc
0,0.9911527670935335
1,0.9879697170727827
2,0.9437926689383096
3,0.941910318395577
4,0.9250173561002006
5,0.9299371050138744
6,0.9634461009836259
7,0.9463926682406657
8,0.9362544253857552
9,0.938049325616774
