round,threshold,edges_before,edges_after,drop_ratio,edges_removed,acc_drop,acc
0,0.01,115,109,0.05217391304347826,6,-0.00019997358322143555,0.7940999865531921
1,0.01096551724137931,109,109,0.0,0,0.0,0.7940999865531921
2,0.012137931034482758,109,107,0.01834862385321101,2,0.000599980354309082,0.7935000061988831
3,0.013103448275862068,107,107,0.0,0,0.0,0.7935000061988831
4,0.014275862068965516,107,101,0.056074766355140186,6,0.001699984073638916,0.7918000221252441
5,0.015241379310344826,101,99,0.019801980198019802,2,-0.00019997358322143555,0.7919999957084656
6,0.016482758620689653,99,97,0.020202020202020204,2,0.0006999969482421875,0.7912999987602234
7,0.018,97,93,0.041237113402061855,4,0.0056999921798706055,0.7856000065803528
8,0.01979310344827586,93,89,0.043010752688172046,4,0.0070999860763549805,0.7785000205039978
