index,r2,complexity,numerically_unstable
0,-0.847699591652405,97,False
1,-0.2729274045166712,50,False
2,-0.4166582180800984,65,False
3,-0.20516231050388267,78,False
4,0.32735620385131603,70,False
5,-0.8004473884245076,289,False
6,-0.12602764741247374,63,False
7,-0.08019870437263665,97,False
8,-0.8865940148624167,56,False
9,-0.24114069592802756,219,False
