class,auc
0,0.9932851033983437
1,0.9897121531737691
2,0.9529072792841387
3,0.958791726781132
4,0.9470139264354297
5,0.9302134968322335
6,0.9765772948231841
7,0.9697889543083453
8,0.9428586638372104
9,0.9522151818154463
