index,r2,complexity,numerically_unstable
0,-0.5953566494467317,80,False
1,-0.6411130984191737,65,False
2,-0.4342824309706568,80,False
3,-0.27758691934999624,64,False
4,-0.3995946365140304,113,False
5,-0.6529238587016428,217,False
6,-0.5628927663608883,56,False
7,-0.28202277849383806,74,False
8,-0.16102218343170205,487,False
9,-0.9771277971339056,191,False
