class,auc
0,0.9923689985972216
1,0.9868932668440709
2,0.9346309487998671
3,0.9410017731472814
4,0.9067885952467094
5,0.9242596564199216
6,0.9548463006549351
7,0.9517014455695281
8,0.9468375298191718
9,0.9512167161104503
