index,r2,complexity,numerically_unstable
0,-0.37516971191451987,108,False
1,-0.2075777704815316,56,False
2,-1.008015062124063,55,False
3,-0.34130473626554725,88,False
4,-0.14498608441895966,63,False
5,-0.6120825486441979,304,False
6,-0.34897055068122684,61,False
7,-0.05287392018786963,80,False
8,-0.45166717401183365,55,False
9,-0.11999676203519871,194,False
