class,auc
0,0.9912545816552785
1,0.9913414879581386
2,0.9554736824817264
3,0.9621485368781594
4,0.9576506638228409
5,0.9365932182026936
6,0.9726482284712631
7,0.9552000083268135
8,0.9411934425349356
9,0.9598803737114497
