index,r2,complexity,numerically_unstable
0,-0.8864393273068403,15,False
1,-1.0171450169429024,16,False
2,-1.0588098910691959,53,False
3,-1.0656411324242452,38,False
4,-1.2638304853197084,14,False
5,-0.6037117211696414,96,False
6,-0.4469173515724567,41,False
7,0.3788461312979543,24,False
8,-1.2534210578092932,106,False
9,-0.8354243911015435,28,False
