class,auc
0,0.9198327413005113
1,0.7650023479952592
2,0.8997151910496581
3,0.8949003292987808
4,0.7250604019388243
5,0.9111976658769407
6,0.9279115115312027
7,0.7854217010639238
8,0.8167299942534253
9,0.7069326787419509
