class,auc
0,0.9141999637992668
1,0.7635915631188335
2,0.8859221244874108
3,0.8889395257657022
4,0.7300908479488183
5,0.9074270192665591
6,0.9283619148681703
7,0.7868383977996396
8,0.7685914544839889
9,0.7072118368781731
