class,auc
0,0.9943894520114032
1,0.9916188744033733
2,0.9276744747906424
3,0.9492796726836198
4,0.9295193274912045
5,0.9141167967449892
6,0.9519430087104531
7,0.9544516793274711
8,0.9285437551840884
9,0.940319462728889
