class,auc
0,0.9941885379428932
1,0.9671260786491449
2,0.9487364418881259
3,0.9421654423506866
4,0.9568118797480847
5,0.8877603043497954
6,0.9525923791501409
7,0.9483076185139759
8,0.9294908252727349
9,0.8829033305963158
