round,threshold,edges_before,edges_after,drop_ratio,edges_removed,acc_drop,acc
0,0.02,113,111,0.017699115044247787,2,0.0017000436782836914,0.8223999738693237
1,0.020482758620689656,111,109,0.018018018018018018,2,0.001699984073638916,0.8206999897956848
2,0.02110344827586207,109,108,0.009174311926605505,1,0.001699984073638916,0.8190000057220459
3,0.02224137931034483,108,107,0.009259259259259259,1,-0.0006999969482421875,0.8197000026702881
4,0.023586206896551724,107,104,0.028037383177570093,3,-0.000800013542175293,0.8205000162124634
5,0.024620689655172414,104,102,0.019230769230769232,2,0.0037000179290771484,0.8167999982833862
6,0.025793103448275862,102,98,0.0392156862745098,4,0.005800008773803711,0.8109999895095825
7,0.027103448275862068,98,93,0.05102040816326531,5,0.006900012493133545,0.804099977016449
8,0.028482758620689653,93,84,0.0967741935483871,9,0.017299950122833252,0.7868000268936157
