index,r2,complexity,numerically_unstable
0,-0.5375259065735336,90,False
1,-0.33064155522286676,46,False
2,-0.4060314947531958,58,False
3,-0.8705236171187414,66,False
4,-0.32053324949209894,129,False
5,-0.5860947538795984,214,False
6,-0.3031266743154115,51,False
7,-0.1387856924282771,247,False
8,-1.1338885801217615,490,False
9,0.0883902191271585,335,False
