class,auc
0,0.9911726774967193
1,0.9897335211729541
2,0.9449921858252252
3,0.9314701703763257
4,0.9523488099609788
5,0.9283218960909544
6,0.9654009080334454
7,0.9714234709454923
8,0.9363640789487454
9,0.939948813475958
