round,threshold,edges_before,edges_after,drop_ratio,edges_removed,acc_drop,acc
0,0.02,102,102,0.0,0,0.0,0.7937999963760376
1,0.021789473684210525,102,101,0.00980392156862745,1,-0.001100003719329834,0.7949000000953674
2,0.023999999999999997,101,99,0.019801980198019802,2,0.0031999945640563965,0.791700005531311
3,0.02589473684210526,99,96,0.030303030303030304,3,0.001699984073638916,0.7900000214576721
4,0.02821052631578947,96,88,0.08333333333333333,8,0.0065000057220458984,0.7835000157356262
