index,r2,complexity,numerically_unstable
0,-0.8672287712292595,80,False
1,-0.015401884802345167,64,False
2,-1.500105588522917,55,False
3,-0.5707279329993082,41,False
4,-0.02255380195161849,90,False
5,-1.014035922495951,350,False
6,-0.3963381266773012,81,False
7,-0.08345364138427791,109,False
8,-0.33807058975238524,48,False
9,-0.23706030875099793,235,False
