class,auc
0,0.9930975383501516
1,0.992413565200971
2,0.9386267452233265
3,0.9352538023546515
4,0.9303836883824566
5,0.9336478698074524
6,0.9716409250452192
7,0.9597173046798427
8,0.9279343475453753
9,0.9258494261247262
