index,r2,complexity,numerically_unstable
0,-0.4937917854089855,83,False
1,-0.8058946737412309,66,False
2,-0.823148649881918,101,False
3,-0.5135444816751387,93,False
4,-0.21954985941401972,73,False
5,-0.7957905618337511,294,False
6,-0.6765524886896612,56,False
7,-0.21568954268575613,124,False
8,-0.31584217587417274,418,False
9,-1.2213190144032509,304,False
