index,r2,complexity,numerically_unstable
0,-0.681720440301661,81,False
1,-0.12903064578846646,56,False
2,-1.7537363413907627,52,False
3,-0.20302777075238576,48,False
4,-0.11429419946307418,85,False
5,-1.3210853970549903,336,False
6,-0.2803946243483557,77,False
7,-0.1062221557097831,100,False
8,-0.3293942242644423,45,False
9,-0.46439993208105723,219,False
