class,auc
0,0.9937894248608534
1,0.9914103127927232
2,0.9424010391815172
3,0.9473099373341114
4,0.9606710995298382
5,0.9442179643973367
6,0.9742409465639126
7,0.9610314341548545
8,0.9453034036738949
9,0.9550450130782693
