index,r2,complexity,numerically_unstable
0,-0.6066533471960458,82,False
1,-0.5411737962778962,89,False
2,-1.4798795373362523,86,False
3,-0.44694613268664685,242,False
4,-0.5525620879605702,48,False
5,-0.6539650567219666,273,False
6,-0.16215495370702437,106,False
7,0.0707622472528241,58,False
8,-0.80417912165197,56,False
9,-0.8096945499735753,160,False
