class,auc
0,0.994692859405403
1,0.9927184815800393
2,0.954973519110152
3,0.9311207171885154
4,0.9366637848990862
5,0.9282805388649608
6,0.9787649516822214
7,0.9607571805756255
8,0.9307056024780795
9,0.9490689897032811
