index,r2,complexity,numerically_unstable
0,-0.22933812456026303,124,False
1,-0.10325674802336904,64,False
2,-0.8675394780388099,93,False
3,-0.8723444245184242,66,False
4,-0.28483003460227807,81,False
5,-1.1178550842967279,365,False
6,-0.45536153054645045,56,False
7,-0.08646846018907395,67,False
8,-1.8544383792070795,481,False
9,-0.5800508526281429,232,False
