index,r2,complexity,numerically_unstable
0,-0.6307623816438162,82,False
1,-0.36877093892720114,89,False
2,-1.5006553740113433,86,False
3,-0.6202981905216456,236,False
4,-0.49169470087641165,48,False
5,-0.7412680891576358,273,False
6,-0.15380934713028438,106,False
7,0.08867148663409763,58,False
8,-0.8162266732180341,56,False
9,-0.7141085644414571,158,False
