index,r2,complexity,numerically_unstable
0,-0.7770199854263813,83,False
1,-0.5879528705630346,63,False
2,-0.6638982368807353,75,False
3,-0.41867643503548946,252,False
4,-0.7238390510828159,70,False
5,-0.917333791930625,222,False
6,-0.21778132913341075,131,False
7,0.2504298964743713,66,False
8,-0.6871629495563891,64,False
9,-0.5274126104203314,178,False
