class,auc
0,0.9932986786732432
1,0.989602132824477
2,0.9502874993949201
3,0.9370966640601769
4,0.9323593139586408
5,0.92985512908378
6,0.9746074801009809
7,0.9634697918817036
8,0.9335102425982706
9,0.9456354273004421
