index,r2,complexity,numerically_unstable
0,-1.1320031532858796,74,False
1,-0.4645441364305727,57,False
2,-0.7985642864454927,59,False
3,-0.621026791493138,54,False
4,0.3371270382990489,133,False
5,-1.5588731939678668,242,False
6,-0.3937187119712735,58,False
7,-0.16907033312740238,89,False
8,-0.21421002160060265,75,False
9,-0.8745521051425971,220,False
