class,auc
0,0.9917739490474682
1,0.9902890891517651
2,0.9493720999384545
3,0.9540128195244441
4,0.9227511259445356
5,0.9486161084425855
6,0.9612483428066382
7,0.9676092373853111
8,0.942161271726534
9,0.9480079132099835
