index,r2,complexity,numerically_unstable
0,-0.7088955327932607,62,False
1,-0.33511483825583843,75,False
2,-0.33118228610392064,56,False
3,-0.30690233092538044,69,False
4,-0.9170443979430436,96,False
5,-1.8915422021039374,471,False
6,-0.3422718760543053,72,False
7,-0.8068945945295203,79,False
8,-0.9063340426513466,41,False
9,-2.119461227615406,140,False
