class,auc
0,0.9913436128331599
1,0.9887862231067579
2,0.9441371863092892
3,0.9470266192358947
4,0.9372043421642797
5,0.9289473010471256
6,0.9682980237435231
7,0.9487633163963635
8,0.9197043585243815
9,0.9402567417103261
