index,r2,complexity,numerically_unstable
0,-0.8610962462549931,15,False
1,-1.0228279024525118,16,False
2,-0.3715603139078494,59,False
3,-1.0428306654739385,40,False
4,-1.2523777816194799,16,False
5,-0.6434112586270542,100,False
6,-0.48401513088511994,41,False
7,0.443000134527632,24,False
8,-1.473831803941485,106,False
9,-0.8706752969520606,28,False
