index,r2,complexity,numerically_unstable
0,-0.35434909921262725,81,False
1,-0.1939749464919711,82,False
2,-1.0823394323780335,67,False
3,-0.6508695381807614,123,False
4,-1.111694175146266,92,False
5,-1.0421960470948064,200,False
6,-0.539715725007331,48,False
7,-0.49789667487948197,91,False
8,-0.6912038709283739,65,False
9,-1.2210125591679666,219,False
