index,r2,complexity,numerically_unstable
0,-0.9372564426128627,14,False
1,-1.3670375322935837,14,False
2,-0.9840032644869638,57,False
3,-0.8324553025604449,48,False
4,-0.837566313768553,33,False
5,-0.7847203028369958,184,False
6,-0.8829512323831725,64,False
7,-0.7550336456519791,16,False
8,-0.9152728214119257,125,False
9,-0.9327557131197948,110,False
