class,auc
0,0.9927972985202951
1,0.9896993820672794
2,0.9591184245102309
3,0.9505240145816584
4,0.9643555726293509
5,0.9202209879059655
6,0.9729380497137229
7,0.9585574597840926
8,0.9331682008307282
9,0.9438818843069477
