round,threshold,edges_before,edges_after,drop_ratio,edges_removed,acc_drop,acc
0,0.02,110,94,0.14545454545454545,16,0.008099973201751709,0.8184000253677368
1,0.020482758620689656,94,94,0.0,0,0.0,0.8184000253677368
2,0.02106896551724138,94,94,0.0,0,0.0,0.8184000253677368
3,0.02182758620689655,94,92,0.02127659574468085,2,0.0042000412940979,0.8141999840736389
4,0.022310344827586207,92,90,0.021739130434782608,2,0.0004000067710876465,0.8137999773025513
