index,r2,complexity,numerically_unstable
0,-0.692806710984077,82,False
1,-0.13379795107551629,69,False
2,-1.7360601241337048,59,False
3,-0.20286292444776977,51,False
4,-0.11709584375641069,90,False
5,-1.2364853332673733,369,False
6,-0.2750999640248084,84,False
7,-0.09936996810755061,118,False
8,-0.3267799205900228,46,False
9,-0.4768257445048447,250,False
