class,auc
0,0.9937523191094619
1,0.9914042999371383
2,0.9439244358926484
3,0.9475222194077028
4,0.9613944773950627
5,0.9432151747539737
6,0.9745693837018524
7,0.9616538851524242
8,0.9461141461741143
9,0.95470473226227
