variant,rounds_mean,effective_rounds_mean,total_edges_removed_mean,mean_drop_ratio_mean,max_drop_ratio_mean
adaptive,0.6666666666666666,0.6666666666666666,11.333333333333334,0.15140415140415134,0.15140415140415134
adaptive_auto,4.666666666666667,3.6666666666666665,12.0,0.024398739655622274,0.053289908430095304
baseline,6.333333333333333,5.333333333333333,22.666666666666668,0.05304233162626881,0.12299116894464202
