variant,stage_seed,rounds,effective_rounds,total_edges_removed,mean_drop_ratio,max_drop_ratio
baseline,42,2,2,20,0.09428599920223374,0.1559633027522936
baseline,52,12,9,24,0.01935546923234695,0.0612244897959183
baseline,62,5,5,24,0.04548552644422574,0.1517857142857142
adaptive,42,1,1,5,0.0549450549450549,0.0549450549450549
adaptive,52,0,0,0,,
adaptive,62,1,1,29,0.2478632478632478,0.2478632478632478
adaptive_auto,42,5,4,10,0.02092534933989976,0.0505050505050505
adaptive_auto,52,0,0,0,,
adaptive_auto,62,9,7,26,0.02787212997134479,0.0560747663551401
