指标项,平均耗时(秒),耗时标准差(秒),RSS平均变化(MB),GPU峰值显存均值(MB),相对legacy耗时降幅(%),相对首次公式验证降幅(%)
公式验证（缓存复用）,0.122291,0.001771,0.0,,76.562864,50.023791
公式验证（首次编译）,0.244699,0.03366,-0.950521,,53.103413,0.0
新评估路径（Tensor快路径）,0.504067,0.001016,0.010417,,3.395553,
当前默认评估接口,0.507499,0.009138,0.0,,2.737776,
旧评估路径（NumPy往返）,0.521784,0.004003,6.660156,,0.0,
