name,time_mean_s,time_std_s,rss_delta_mean_mb,gpu_peak_mean_mb
legacy_numpy_path,0.5178058999999943,0.0024905275599154376,4.53515625,
fast_tensor_path,0.5155871999999988,0.03039790380963033,0.359375,
model_acc_ds_current,0.5203458666666639,0.018309343492735903,0.0013020833333333333,
validate_formula_first,0.1111865000000023,0.0,4.00390625,
validate_formula_cached,0.11822399999999789,0.0,0.11328125,
