class,auc
0,0.9946658219828953
1,0.9913860129052777
2,0.9585980557918249
3,0.9393154109626756
4,0.9395638458317581
5,0.9263355183734399
6,0.9780056789032303
7,0.9626913215520486
8,0.9364239675389054
9,0.9508717505083544
