指标项,平均耗时(秒),耗时标准差(秒),RSS平均变化(MB),GPU峰值显存均值(MB),相对legacy耗时降幅(%),相对首次公式验证降幅(%)
公式验证（缓存复用）,0.151075,0.002451,0.0,,77.998253,43.374601
公式验证（首次编译）,0.266798,0.00933,-0.141927,,61.145091,0.0
新评估路径（Tensor快路径）,0.647971,0.018168,0.0,,5.633153,
当前默认评估接口,0.661254,0.005471,0.0,,3.698584,
旧评估路径（NumPy往返）,0.686651,0.021645,0.02908,,0.0,
