name,time_mean_s,time_std_s,rss_delta_mean_mb,gpu_peak_mean_mb
legacy_numpy_path,0.7061787000000189,0.007309365896347342,0.08723958333333333,
fast_tensor_path,0.6674018000000027,0.018702857241251203,0.0390625,
model_acc_ds_current,0.6508240666666723,0.014113638259105,0.0,
validate_formula_first,0.14388470000000098,0.0,0.859375,
validate_formula_cached,0.14615480000000503,0.0,-0.16796875,
