index,r2,complexity,numerically_unstable
0,-0.6114612823683534,66,False
1,-0.3329580152552769,72,False
2,-0.379938956633328,68,False
3,-0.4016110157588948,75,False
4,0.1071254684737567,89,False
5,-0.8903633457601305,300,False
6,-0.3723577614483955,73,False
7,-0.32077893331477303,56,False
8,-1.3758943591022859,366,False
9,0.0009230211963001667,205,False
