class,auc
0,0.9889364903389292
1,0.9875956280079808
2,0.9471585339605418
3,0.9501687243251578
4,0.9177274552501695
5,0.9154375200631781
6,0.9614924483701438
7,0.9343547304974751
8,0.9314005489958055
9,0.9431958662770247
