round,threshold,edges_before,edges_after,drop_ratio,edges_removed,acc_drop,acc
0,0.02,118,92,0.22033898305084745,26,0.014900028705596924,0.7878999710083008
1,0.02,92,91,0.010869565217391304,1,-0.0007000565528869629,0.7886000275611877
2,0.022210526315789472,91,89,0.02197802197802198,2,0.001600027084350586,0.7870000004768372
