class,auc
0,0.9942825467215711
1,0.994433984063448
2,0.9690226101072549
3,0.961232888027401
4,0.9206023345930903
5,0.953537864509789
6,0.5
7,0.967996954641418
8,0.9412782420486381
9,0.9615897143702451
