class,auc
0,0.9931578351961627
1,0.9920041940910028
2,0.9542826475184807
3,0.9415746869458915
4,0.9662072099295411
5,0.9156874481803806
6,0.9647777432986125
7,0.96370842881702
8,0.9423204058910808
9,0.9322040904465748
