round,threshold,edges_before,edges_after,drop_ratio,edges_removed,acc_drop,acc
0,0.02,96,94,0.020833333333333332,2,0.00020003318786621094,0.7993999719619751
1,0.020482758620689656,94,93,0.010638297872340425,1,-0.0003000497817993164,0.7997000217437744
2,0.021413793103448278,93,93,0.0,0,0.0,0.7997000217437744
3,0.022000000000000002,93,92,0.010752688172043012,1,0.002200007438659668,0.7975000143051147
4,0.022724137931034484,92,91,0.010869565217391304,1,-0.000299990177154541,0.7978000044822693
5,0.023655172413793106,91,88,0.03296703296703297,3,0.0023000240325927734,0.7954999804496765
