index,r2,complexity,numerically_unstable
0,-0.41212390988144754,80,False
1,-0.3766699640933011,56,False
2,-0.25802421742626547,204,False
3,-0.34072663281456483,65,False
4,-0.1385556719415193,133,False
5,-0.5087338047418564,171,False
6,-1.1221847079674898,46,False
7,-0.17120903841279178,57,False
8,-0.37877421191357064,185,False
9,-0.3170498371295041,188,False
