index,r2,complexity,numerically_unstable
0,-0.4573856138522907,80,False
1,-0.37818144442475954,56,False
2,-0.4590379698276865,204,False
3,-0.5214014546444294,65,False
4,-0.13207976945843392,133,False
5,-0.40337595717442665,171,False
6,-1.117312109427015,46,False
7,-0.059554422533589335,57,False
8,-0.36803706002442826,185,False
9,-0.2886282446212656,188,False
