class,auc
0,0.987253269378705
1,0.9775968951800253
2,0.9433013116403544
3,0.9029072456745117
4,0.9405421449474892
5,0.9063173901227128
6,0.9590200497885304
7,0.9565526276301021
8,0.9337916564103427
9,0.9417875644612788
