class,auc
0,0.9868989547038328
1,0.980124878562679
2,0.9467918123180439
3,0.9289916188504278
4,0.9320645312678557
5,0.9098942978232314
6,0.9605062711290709
7,0.954834300747158
8,0.9358218966790439
9,0.9414726917204618
