index,r2,complexity,numerically_unstable
0,-0.7691495412213116,110,False
1,-0.13179829012590893,78,False
2,-0.6177555059776421,91,False
3,-2.2783601791936388,57,False
4,-0.6982203762336396,100,False
5,-0.81726105840991,192,False
6,-1.3412384776342923,44,False
7,-0.28869449936734215,90,False
8,-0.9660495543829175,65,False
9,-0.3703590908117633,242,False
