class,auc
0,0.9938224580297752
1,0.993709956742225
2,0.9606425775712439
3,0.9357576625293231
4,0.9631688196361294
5,0.9000854962177832
6,0.9652206427993881
7,0.9613695483224074
8,0.9357310684943474
9,0.95630979509407
