class,auc
0,0.9939928277297615
1,0.9884654546538757
2,0.9515619489450863
3,0.9554652584279562
4,0.9573382088504594
5,0.9332484525504608
6,0.9622680564233069
7,0.9617390506738648
8,0.946840032286377
9,0.9437668039143647
