index,r2,complexity,numerically_unstable
0,-0.6689773109479646,82,False
1,-0.41461039143615497,89,False
2,-1.5826619610595247,86,False
3,-0.6276652713103441,236,False
4,-0.4931931855533034,48,False
5,-0.8177754749414454,273,False
6,-0.14111312205043403,106,False
7,0.15226583416118,58,False
8,-0.8244577718631692,56,False
9,-0.7705820660178386,158,False
