index,r2,complexity,numerically_unstable
0,-0.8879904804328487,90,False
1,-0.6061781639981321,40,False
2,-1.1823438095577936,67,False
3,-0.5469616003140916,82,False
4,0.13718120690008362,77,False
5,-1.32727712405734,245,False
6,-0.5930652772747478,58,False
7,-0.03248269475157084,111,False
8,-0.26989999758122907,454,False
9,-1.1323389738185132,240,False
