class,auc
0,0.994256301190099
1,0.9882540108479865
2,0.9535417487846539
3,0.959737497108999
4,0.9379876251118493
5,0.902095875896812
6,0.958646070137087
7,0.9492116415792495
8,0.9343473178783992
9,0.945681944470624
