index,r2,complexity,numerically_unstable
1,-0.7613613972657172,32,False
2,-0.8398267254179459,43,False
3,-0.932836381164768,14,False
4,-1.2329353660959792,16,False
5,-0.7515149657298021,34,False
6,-0.4663852650208178,48,False
7,-0.15644174573131409,24,False
8,-0.4885827530908282,66,False
9,0.08480955519568756,32,False
