index,r2,complexity,numerically_unstable
0,-0.8464062479142387,59,False
1,-0.3654536180457415,73,False
2,-0.6259375134788574,87,False
3,-0.5995640281225516,50,False
4,-0.8313487509340143,69,False
5,-0.6546046265473102,164,False
6,-0.9376410173665004,55,False
7,-0.6463936229953955,88,False
8,-0.626871022172508,453,False
9,-0.43474556721210855,335,False
