class,auc
0,0.9859606769537081
1,0.9886555801536012
2,0.9428505271110372
3,0.9373726032225024
4,0.9224084078956819
5,0.8876057686437389
6,0.9564577783380641
7,0.9424424192168979
8,0.9305836072018276
9,0.9196363525732538
