index,r2,complexity,numerically_unstable
0,-0.8209593774382922,94,False
1,-0.2736163591427505,48,False
2,-0.44992755214684443,55,False
3,-0.21195804272511531,83,False
4,0.3124504696287358,65,False
5,-1.371411468046278,283,False
6,-0.10781499649660597,65,False
7,-0.048017095626867956,102,False
8,-0.8796191721069373,52,False
9,-0.23013655525566112,214,False
