class,auc
0,0.9929695913842257
1,0.989379706860867
2,0.9525414760664966
3,0.9600258262756198
4,0.9479140835775834
5,0.943055346307686
6,0.9749689341181654
7,0.9694784335528952
8,0.944317943463351
9,0.9524834822709505
