index,r2,complexity,numerically_unstable
0,-0.709289107980827,62,False
1,-0.33443779307570964,74,False
2,-0.3279120956123185,57,False
3,-0.30830942448840304,69,False
4,-1.004582898799347,107,False
5,-2.1905037568742567,441,False
6,-0.38455733114811563,58,False
7,-0.7451194510736407,88,False
8,-1.0736818649414284,49,False
9,-1.9722378729991918,142,False
