class,auc
0,0.9910361328566903
1,0.9885092838987157
2,0.9415547917142086
3,0.9460322250245046
4,0.9334954214675424
5,0.9289797344669152
6,0.9633218836337407
7,0.9474140039656449
8,0.9239272719331014
9,0.939482594586658
