index,r2,complexity,numerically_unstable
0,-0.4622933154372959,108,False
1,-0.20537562663411624,109,False
2,-0.26998014117203506,102,False
3,-0.48470694889834687,319,False
4,-0.303642051141896,75,False
5,-0.6160070949244103,491,False
6,-0.10693229221318523,150,False
7,-0.2542008477416431,67,False
8,-0.3801618618239355,96,False
9,-0.5114717736321386,203,False
