class,auc
0,0.9949950223992036
1,0.9935187379960295
2,0.9591544051545894
3,0.9569979294926156
4,0.9356201039875444
5,0.9405169850188372
6,0.9750556322870908
7,0.964461474175602
8,0.9499694244006933
9,0.9564149547631543
