index,r2,complexity,numerically_unstable
0,-0.9649392573401869,24,False
1,-1.363976954447029,16,False
2,-0.9190283764425151,41,False
3,-0.7497151509960698,14,False
4,-0.3254211511605638,41,False
5,-0.8182119780274939,170,False
6,-0.8837055916550778,43,False
7,-0.614965494065717,24,False
8,-0.06966817028412797,62,False
9,-0.04996942155741535,99,False
