class,auc
0,0.9629824313317344
1,0.8638699931175164
2,0.845368966921146
3,0.7520806947213075
4,0.8341923304330464
5,0.8777383776348
6,0.9427029002673212
7,0.8562035736775545
8,0.8288674151925239
9,0.8936950936180097
