index,r2,complexity,numerically_unstable
0,-0.22663091522031897,133,False
1,-0.6685075069914082,79,False
2,-0.5154459834164213,109,False
3,-0.6151361551184114,101,False
4,-0.3699900923391213,112,False
5,-0.8094807352824411,406,False
6,-0.38391686029581495,81,False
7,-0.3663519550756418,130,False
8,-0.3996421520456699,663,False
9,-0.6588674067107172,553,False
