index,r2,complexity,numerically_unstable
0,-0.22812135978378234,133,False
1,-0.31751231770365806,79,False
2,-0.508025996580864,109,False
3,-0.4063258376294192,101,False
4,-0.28022864749619325,112,False
5,-1.1164954466692047,412,False
6,-0.3899497053767844,81,False
7,-0.37680334125488946,130,False
8,-0.9219042797967167,669,False
9,-0.4411882102608551,547,False
