class,auc
0,0.9935122629983256
1,0.9931193054903336
2,0.9568794127613078
3,0.8846268681373143
4,0.9381587018314581
5,0.9291633802442439
6,0.9742113929936795
7,0.9599057964163475
8,0.9409089006388572
9,0.9496353527847856
