class,auc
0,0.9939592289243857
1,0.993292634748839
2,0.9573619639856441
3,0.956176609874558
4,0.9416799462852977
5,0.9504722601330127
6,0.9739928581950436
7,0.9694774577544318
8,0.956845863034965
9,0.9504596546772518
