index,r2,complexity,numerically_unstable
0,-0.9466980943353593,132,False
1,-0.36997017920185016,89,False
2,-0.8003017351404385,133,False
3,-0.516896198376763,126,False
4,-0.32386703875414513,156,False
5,-0.7840261732284703,760,False
6,-0.015276146773038457,102,False
7,0.4682438419793583,150,False
8,-0.6166634136291569,358,False
9,-0.5266977491224794,412,False
