class,auc
0,0.9950317887687226
1,0.9935005503502117
2,0.9625648948198244
3,0.9688191499906388
4,0.960225396683438
5,0.9454386179990586
6,0.977104064123859
7,0.965125667662993
8,0.9389592511890131
9,0.9606315929408101
