class,auc
0,0.9941335580795511
1,0.990435186634565
2,0.961369807982214
3,0.9597739512549698
4,0.9371231512986699
5,0.9632496735733231
6,0.9619435443689135
7,0.9682819420037435
8,0.9510962171340746
9,0.9598493990080819
