index,r2,complexity,numerically_unstable
0,-0.3417804767453534,81,False
1,-0.21539039065669408,82,False
2,-1.071449019476391,67,False
3,-0.69477040702334,123,False
4,-1.3550419014463557,92,False
5,-0.9903116859617467,200,False
6,-0.5425846973156836,48,False
7,-0.5079871913951364,91,False
8,-0.708790814118115,65,False
9,-1.0221430338495439,219,False
