class,auc
0,0.99294832345355
1,0.9919172313036219
2,0.9427416127281152
3,0.9543661273802576
4,0.9581108206759146
5,0.9042634376520124
6,0.9618169027027202
7,0.9597759610096954
8,0.9312341349266617
9,0.9299224342721755
