index,r2,complexity,numerically_unstable
0,-0.8236621360361491,93,False
1,-0.273175498921427,54,False
2,-0.445476513577562,59,False
3,-0.19782744339849745,82,False
4,0.3085886347845278,72,False
5,-1.4024022150538893,285,False
6,-0.11325326653214018,65,False
7,-0.07226774930489399,102,False
8,-0.8786790183752333,56,False
9,-0.2220505098321932,226,False
