class,auc
0,0.9928691343499706
1,0.9893544628060158
2,0.9530738923580135
3,0.95984129781165
4,0.9482371532111157
5,0.9422842679081711
6,0.9759773342587295
7,0.9696387897670401
8,0.9447656007218026
9,0.9519029546008954
