指标项,平均耗时(秒),耗时标准差(秒),RSS平均变化(MB),GPU峰值显存均值(MB),相对legacy耗时降幅(%),相对首次公式验证降幅(%)
公式验证（缓存复用）,0.167884,0.004271,-0.045573,,76.949046,42.137926
公式验证（首次编译）,0.290144,0.004829,0.085938,,60.16224,0.0
当前默认评估接口,0.711548,0.012104,0.0,,2.302203,
新评估路径（Tensor快路径）,0.714631,0.003777,0.0,,1.878807,
旧评估路径（NumPy往返）,0.728315,0.017386,0.0,,0.0,
