index,r2,complexity,numerically_unstable
0,-0.4576681810153316,64,False
1,-0.28819391635340375,75,False
2,-0.4025597227654465,64,False
3,-0.5279276287246002,61,False
4,-0.5729189200281901,86,False
5,-2.173832599332427,439,False
6,-0.39845471032867463,56,False
7,-0.8408964256481795,86,False
8,-0.06871364366963939,174,False
9,-1.8305483075927893,141,False
