stage,lamb,effective_lamb,lr,acc_before,acc_after,edges_before,edges_after,prune_accepted,prune_attempts,prune_attempt_count,guard_mode,fit_success,fit_error,rollback,prune_th,sym_score,train_seconds,prune_seconds,stage_seconds
0,0.0,0.0,0.02,0.04230000078678131,0.8169000148773193,2080,2080,False,[],0,light,True,,,0.003,0.42046923820789045,1.4389089000000013,0.0,2.8284545999999864
1,0.0,0.0,0.015,0.8169000148773193,0.8575000166893005,2080,2080,False,[],0,light,True,,,0.003,0.44076923911388105,1.119666900000027,0.0,2.4832165999999916
2,2e-05,3.0000000000000004e-05,0.012,0.8575000166893005,0.8672999739646912,2080,2080,False,[],0,light,True,,,0.003,0.44566921775157636,1.5384104999999977,0.0,2.942473800000016
3,5e-05,7.500000000000001e-05,0.01,0.8672999739646912,0.7452999949455261,2080,115,True,"[{'attempt': 0, 'threshold': 0.003, 'success': True, 'edges_removed': 1154, 'eval_drop': -0.015888869762420654, 'eval_split': 'val', 'attribute_warning': None, 'threshold_next': 0.010499999999999999}, {'attempt': 1, 'threshold': 0.010499999999999999, 'success': True, 'edges_removed': 706, 'eval_drop': 0.06877779960632324, 'eval_split': 'val', 'attribute_warning': None, 'threshold_next': 0.020499999999999997}, {'attempt': 2, 'threshold': 0.020499999999999997, 'success': True, 'edges_removed': 105, 'eval_drop': 0.06955552101135254, 'eval_split': 'val', 'attribute_warning': None, 'threshold_next': 0.033}]",3,light,True,,,0.033,0.5900413018205892,1.4872085000000084,8.27420330000001,11.136521999999957
4,0.0001,2e-05,0.008,0.7452999949455261,0.7803999781608582,115,115,False,[],0,light,True,,,0.033,0.6075912934282552,1.5692164000000162,0.0,2.964876199999992
5,0.0002,4e-05,0.006,0.7803999781608582,0.7924000024795532,115,115,False,[],0,light,True,,,0.033,0.6135913055876028,1.5544406000000208,0.0,3.0358295999999996
6,0.0003,5.9999999999999995e-05,0.005,0.7924000024795532,0.791700005531311,115,115,False,[],0,light,True,,,0.033,0.6132413071134817,1.5422715999999923,0.0,2.9374808999999686
7,0.0005,0.0001,0.004,0.791700005531311,0.7914999723434448,115,115,False,[],0,light,True,,,0.033,0.6131412905195486,1.550146199999972,0.0,2.8823300000000245
