index,r2,complexity,numerically_unstable
0,-0.22933812456026303,124,False
1,-0.10325674802336904,64,False
2,-0.9199276796820361,93,False
3,-0.9358632293949747,66,False
4,-0.6285254181385025,81,False
5,-1.1178550842967279,365,False
6,-0.45536153054645045,56,False
7,-0.19542941956823534,67,False
8,-2.193357901728641,481,False
9,-0.5807450235967606,232,False
