class,auc
0,0.9934326213855831
1,0.9925760613808199
2,0.9544078774488449
3,0.9278942499366731
4,0.9559704984690046
5,0.9402780731865349
6,0.9693315905962387
7,0.9520822238143399
8,0.955031688059728
9,0.9212095037444668
