task,metric,favorable_direction,sample_count,finite_count,effective_count,tie_count,improved_count,worsened_count,mean_delta,median_delta,std_delta,min_delta,max_delta,mean_delta_ci95_low,mean_delta_ci95_high,sign_test_pvalue_two_sided
minimal,symbolic_wall_time_delta_s,positive,10,10,10,0,10,0,1.4412743,1.435825399999998,0.04879225898198032,1.3679147,1.5072522000000106,1.4146266200000006,1.469695140000001,0.001953125
minimal,final_mse_loss_shift,negative,10,10,10,0,0,10,3.175870515406132e-05,3.3390766475349665e-05,1.9506452589513995e-05,1.3661920092999935e-06,6.246473640203476e-05,1.9525946117937566e-05,4.2963773012161255e-05,0.001953125
combo,symbolic_wall_time_delta_s,positive,10,10,10,0,10,0,9.155954970000009,9.056827200000019,0.44881048599586243,8.519677600000023,9.9845878,8.893874460000017,9.432596640000005,0.001953125
combo,final_mse_loss_shift,negative,10,10,10,0,2,8,1.705845206743106e-05,4.311391239752993e-05,7.29635692251887e-05,-0.0001787349465303123,6.503023905679584e-05,-3.1811048393137754e-05,5.05973061081022e-05,0.109375
poly_cubic,symbolic_wall_time_delta_s,positive,10,10,10,0,10,0,10.534770150000009,8.80052975000001,4.173887709787479,7.42560499999999,18.376895900000022,8.452944760000005,13.35747086000001,0.001953125
poly_cubic,final_mse_loss_shift,negative,10,10,10,0,2,8,9.861425496637821e-05,8.380180224776268e-05,9.719787748269813e-05,-5.252473056316376e-05,0.00022455607540905476,3.925103228539228e-05,0.00015351397451013327,0.109375
trig_interaction,symbolic_wall_time_delta_s,positive,10,10,10,0,10,0,24.685991650000012,20.15309554999999,11.048258002339558,16.73969629999999,48.230164599999966,19.188774260000013,31.734773320000006,0.001953125
trig_interaction,final_mse_loss_shift,negative,10,10,10,0,7,3,-0.0004661276936531067,-8.856260683387518e-05,0.0010314743347894014,-0.0028095687739551067,0.0005502540152519941,-0.0011286037042737007,8.508129976689816e-05,0.34375
