index,r2,complexity,numerically_unstable
0,-1.0393722500000337,80,False
1,-0.6023386566157649,65,False
2,-0.8921091053560672,79,False
3,-0.7099198410629275,78,False
4,-0.18542181091125665,71,False
5,-2.600339617669448,191,False
6,-0.47021974437162384,64,False
7,-0.06216525863602551,75,False
8,-0.19218871036681184,509,False
9,-0.6190155416249736,222,False
