class,auc
0,0.992160731254808
1,0.987049054466036
2,0.9290192648797793
3,0.9449666846551174
4,0.8959969854362333
5,0.9065170987512087
6,0.9574348932538898
7,0.9607971883126233
8,0.9307302859046032
9,0.9480940030438983
